"Date","Open","High","Low","Close","Adj.Close","Volume","MA_20","MA_50"
2018-02-05,262,267.899994,250.029999,254.259995,254.259995,11896100,NA,NA
2018-02-06,247.699997,266.700012,245,265.720001,265.720001,12595800,NA,NA
2018-02-07,266.579987,272.450012,264.329987,264.559998,264.559998,8981500,NA,NA
2018-02-08,267.079987,267.619995,250,250.100006,250.100006,9306700,NA,NA
2018-02-09,253.850006,255.800003,236.110001,249.470001,249.470001,16906900,NA,NA
2018-02-12,252.139999,259.149994,249,257.950012,257.950012,8534900,NA,NA
2018-02-13,257.290009,261.410004,254.699997,258.269989,258.269989,6855200,NA,NA
2018-02-14,260.470001,269.880005,260.329987,266,266,10972000,NA,NA
2018-02-15,270.029999,280.5,267.630005,280.269989,280.269989,10759700,NA,NA
2018-02-16,278.730011,281.959991,275.690002,278.519989,278.519989,8312400,NA,NA
2018-02-20,277.73999,285.809998,276.609985,278.549988,278.549988,7769000,NA,NA
2018-02-21,282.070007,286.640015,280.01001,281.040009,281.040009,9371100,NA,NA
2018-02-22,283.880005,284.5,274.450012,278.140015,278.140015,8891500,NA,NA
2018-02-23,281,286,277.809998,285.929993,285.929993,7301800,NA,NA
2018-02-26,288.75,295.649994,287.01001,294.160004,294.160004,10268600,NA,NA
2018-02-27,294.769989,297.359985,290.589996,290.609985,290.609985,9416500,NA,NA
2018-02-28,293.100006,295.75,290.779999,291.380005,291.380005,7653500,NA,NA
2018-03-01,292.75,295.25,283.829987,290.390015,290.390015,11932100,NA,NA
2018-03-02,284.649994,301.179993,283.230011,301.049988,301.049988,13345300,NA,NA
2018-03-05,302.850006,316.910004,297.600006,315,315,18986100,276.5684991,NA
2018-03-06,319.880005,325.790009,316.5,325.220001,325.220001,18525800,280.1164994,NA
2018-03-07,320,323.73999,314.549988,321.160004,321.160004,17132200,282.88849955,NA
2018-03-08,322.200012,322.920013,314.130005,317,317,11340100,285.51049965,NA
2018-03-09,321.329987,331.440002,320.230011,331.440002,331.440002,14500200,289.57749945,NA
2018-03-12,333.559998,333.980011,318.600006,321.299988,321.299988,20369200,293.1689988,NA
2018-03-13,323.869995,325.839996,313.279999,315.880005,315.880005,12917200,296.06549845,NA
2018-03-14,318.160004,323.880005,317.700012,321.549988,321.549988,10475100,299.2294984,NA
2018-03-15,323.170013,323.399994,318.140015,321.089996,321.089996,5642900,301.9839982,NA
2018-03-16,321.420013,324.109985,318.369995,318.450012,318.450012,7333700,303.89299935,NA
2018-03-19,315.799988,317,307.339996,313.480011,313.480011,9925200,305.64100045,NA
2018-03-20,313.26001,319.5,312.799988,317.5,317.5,5991900,307.58850105,NA
2018-03-21,316.350006,319.399994,314.51001,316.480011,316.480011,5263900,309.36050115,NA
2018-03-22,313.070007,314.119995,305.660004,306.700012,306.700012,8063300,310.788501,NA
2018-03-23,307.410004,309.369995,300.359985,300.940002,300.940002,9529900,311.53900145,NA
2018-03-26,309.359985,321.029999,302,320.350006,320.350006,11988300,312.84850155,NA
2018-03-27,322.48999,322.899994,297,300.690002,300.690002,12068600,313.3525024,NA
2018-03-28,298.390015,298.799988,281.609985,285.769989,285.769989,18972900,313.0720016,NA
2018-03-29,287,295.350006,275.899994,295.350006,295.350006,19145500,313.32000115,NA
2018-04-02,291.940002,292.869995,275.049988,280.290009,280.290009,13405800,312.2820022,NA
2018-04-03,285.450012,291.25,278.01001,283.670013,283.670013,12694900,310.71550285,NA
2018-04-04,273.630005,290.309998,271.220001,288.940002,288.940002,12914000,308.9015029,NA
2018-04-05,293.149994,299.160004,289.109985,293.970001,293.970001,10655200,307.54200275,NA
2018-04-06,289.100006,298.850006,285.649994,288.850006,288.850006,11444800,306.13450305,NA
2018-04-09,291.769989,299.549988,289.119995,289.929993,289.929993,9853600,304.0590026,NA
2018-04-10,297.679993,298.950012,291.690002,298.070007,298.070007,10660500,302.89750355,NA
2018-04-11,302.880005,311.640015,301.820007,303.670013,303.670013,14877400,302.28700395,NA
2018-04-12,309.720001,311.130005,306.75,309.25,309.25,10249400,301.67200455,NA
2018-04-13,317.290009,317.48999,308.230011,311.649994,311.649994,12046600,301.20000445,NA
2018-04-16,315.98999,316.100006,304,307.779999,307.779999,20307900,300.6665038,NA
2018-04-17,329.660004,338.619995,323.769989,336.059998,336.059998,33866500,301.79550315,295.47700104
2018-04-18,336.299988,338.820007,331.100006,334.519989,334.519989,11221100,302.6465026,297.08220092
2018-04-19,332.880005,335.309998,326.769989,332.700012,332.700012,8438800,303.45750265,298.42180114
2018-04-20,332.220001,336.51001,326,327.769989,327.769989,9158700,304.5110015,299.68600096
2018-04-23,329.149994,331.220001,317.079987,318.690002,318.690002,8968000,305.3985015,301.05780088
2018-04-24,319.220001,320.25,302.309998,307.019989,307.019989,13893200,304.73200065,302.20880064
2018-04-25,306.369995,309.980011,292.619995,305.76001,305.76001,14919700,304.98550105,303.1650006
2018-04-26,310,316.630005,305.579987,313.980011,313.980011,9266700,306.39600215,304.27920104
2018-04-27,316.25,317.450012,306.5,311.76001,311.76001,7074400,307.21650235,305.19440124
2018-04-30,311.070007,317.880005,310.119995,312.459991,312.459991,6088800,308.82500145,305.83820128
2018-05-01,310.359985,313.480011,306.690002,313.299988,313.299988,6036600,310.3065002,306.53380126
2018-05-02,311.649994,317.100006,310.399994,313.359985,313.359985,5697100,311.52749935,307.2300012
2018-05-03,312.589996,312.589996,305.730011,311.690002,311.690002,6135800,312.4134994,307.84300106
2018-05-04,308.709991,320.980011,307.670013,320.089996,320.089996,8209500,313.9754989,308.68200068
2018-05-07,321.98999,329.019989,319.339996,326.26001,326.26001,7117800,315.79199975,309.48860102
2018-05-08,325.899994,327.350006,323.049988,326.890015,326.890015,4735700,317.23300015,310.14320124
2018-05-09,328.790009,331.950012,327.51001,330.299988,330.299988,5633400,318.5644989,310.9370013
2018-05-10,331.5,332.059998,327.339996,329.600006,329.600006,5302300,319.5819992,311.70140132
2018-05-11,329.649994,331.26001,324.869995,326.459991,326.459991,4589700,320.32249905,312.42280084
2018-05-14,327.25,330.5,327.040009,328.529999,328.529999,4089800,321.35999905,312.97240106
2018-05-15,325.940002,326.940002,322.429993,326.130005,326.130005,4746100,320.8634994,313.19500116
2018-05-16,326.279999,329.720001,325.140015,328.190002,328.190002,3671700,320.54700005,313.25440118
2018-05-17,327.529999,330.450012,323.170013,325.220001,325.220001,4935700,320.1729995,313.33560112
2018-05-18,324.899994,326.420013,322.799988,324.179993,324.179993,3577700,319.9934997,313.47920098
2018-05-21,327.109985,331.880005,325.450012,331.820007,331.820007,6657300,320.64999995,313.48680108
2018-05-22,334.049988,336.630005,331.149994,331.619995,331.619995,5964400,321.88000025,313.69320122
2018-05-23,329.040009,345,328.089996,344.720001,344.720001,10049100,323.8279998,314.27000114
2018-05-24,344.339996,354,341.119995,349.290009,349.290009,14758600,325.5934997,314.82480156
2018-05-25,349.899994,354.359985,348.829987,351.290009,351.290009,7817400,327.56999965,315.42880182
2018-05-29,351.5,356.100006,346.709991,349.730011,349.730011,9717900,329.43350065,316.0544018
2018-05-30,352.369995,354,349.26001,353.540009,353.540009,5685500,331.4455017,316.85560176
2018-05-31,353.799988,355.529999,350.209991,351.600006,351.600006,6921700,333.35750275,317.53760188
2018-06-01,353.880005,359.98999,352.820007,359.929993,359.929993,7112300,335.7695023,318.40660152
2018-06-04,362.679993,363,355.51001,361.809998,361.809998,7682000,337.8555024,319.50880124
2018-06-05,363.320007,369.829987,361.410004,365.799988,365.799988,8358000,339.8325013,320.80600096
2018-06-06,367.779999,369.679993,363.329987,367.450012,367.450012,7712300,341.86050115,321.74800108
2018-06-07,368.540009,368.700012,357.799988,361.399994,361.399994,8278000,343.41550145,322.96220092
2018-06-08,358.059998,362.390015,356.25,360.570007,360.570007,5225700,344.9640015,324.45820128
2018-06-11,361.880005,365.670013,360.910004,361.450012,361.450012,4432400,346.71350255,325.7802014
2018-06-12,363.600006,365.980011,362,363.829987,363.829987,4291000,348.47850195,327.45100096
2018-06-13,367.529999,384.25,364.109985,379.929993,379.929993,18222800,351.16850135,329.37620056
2018-06-14,384.269989,395.029999,383.25,392.869995,392.869995,14598300,354.402501,331.45480042
2018-06-15,390.709991,398.859985,387.51001,391.980011,391.980011,13588100,357.7405015,333.41500062
2018-06-18,387.720001,393.160004,386.5,390.399994,390.399994,6824800,361.05150155,335.44600038
2018-06-19,389.5,405.290009,388.5,404.980011,404.980011,16697100,364.70950175,337.74700074
2018-06-20,415.149994,419.470001,409.600006,416.76001,416.76001,16494600,368.9665025,340.1208008
2018-06-21,421.380005,423.209991,406.369995,415.440002,415.440002,18389900,372.50250255,342.35620058
2018-06-22,419.980011,420.5,409.649994,411.089996,411.089996,10428600,375.5925019,344.3930005
2018-06-25,404.690002,405.98999,378.75,384.480011,384.480011,22490900,377.252002,345.84960084
2018-06-26,393.279999,404.779999,389.049988,399.390015,399.390015,15191200,379.7350022,347.68180116
2018-06-27,407.559998,411.589996,390,390.390015,390.390015,16541400,381.5775025,348.7684015
2018-06-28,395,396.899994,387.100006,395.420013,395.420013,12219900,383.76850285,349.98640198
2018-06-29,399.190002,401.329987,390.549988,391.429993,391.429993,9252500,385.34350285,351.1610016
2018-07-02,385.450012,398.380005,380,398.179993,398.179993,8142500,387.1620026,352.56920168
2018-07-03,399.48999,399.980011,389.5,390.519989,390.519989,5280300,388.39800265,354.00580142
2018-07-05,393.799988,399.23999,390.859985,398.390015,398.390015,8448900,389.9450028,355.83320194
2018-07-06,397.450012,408.649994,395.519989,408.25,408.25,8629600,392.2875031,357.88300174
2018-07-09,415.950012,419.119995,411.100006,418.970001,418.970001,11127500,395.2075028,359.98280154
2018-07-10,417.23999,419.440002,413.079987,415.630005,415.630005,9382900,397.91650245,362.06020144
2018-07-11,411.339996,419.769989,410.600006,418.649994,418.649994,9713900,400.6575028,364.1840015
2018-07-12,415.160004,416.790009,407.799988,413.5,413.5,12743300,402.33600315,366.18800174
2018-07-13,409.190002,410,395.079987,395.799988,395.799988,15719000,402.4825028,367.8368018
2018-07-16,398.980011,403.359985,391.75,400.480011,400.480011,22960000,402.9075028,369.61260198
2018-07-17,346.950012,385,344,379.480011,379.480011,58410400,402.36150365,370.80040228
2018-07-18,381.23999,383.130005,372.359985,375.130005,375.130005,21746300,400.86900335,371.77780218
2018-07-19,371.059998,375.75,363,364.230011,364.230011,16878700,398.2425034,372.5246021
2018-07-20,364.920013,370.5,360.140015,361.049988,361.049988,15096700,395.5230027,373.1396021
2018-07-23,359.149994,363.899994,353.600006,362.660004,362.660004,11505200,393.1015031,373.80080206
2018-07-24,366.940002,367.399994,354.559998,357.320007,357.320007,12851500,391.7435029,374.41800238
2018-07-25,357.570007,363.279999,355.649994,362.869995,362.869995,8467800,389.9175019,375.1048023
2018-07-26,358.190002,365.540009,356.630005,363.089996,363.089996,6993700,388.55250095,375.84400212
2018-07-27,366.850006,367,351.649994,355.209991,355.209991,8949500,386.54199985,376.3844019
2018-07-30,351.929993,352.029999,334.019989,334.959991,334.959991,18260700,383.71849975,376.5792017
2018-07-31,331.51001,342.5,328,337.450012,337.450012,14085400,380.6820007,376.84460208
2018-08-01,335.869995,344.410004,334.019989,338.380005,338.380005,7790500,378.0750015,376.97580204
2018-08-02,337.230011,345,334.709991,344.5,344.5,7131300,375.38050075,377.23340214
2018-08-03,347.75,347.859985,338.480011,343.089996,343.089996,8848400,372.12250055,377.20080204
2018-08-06,342.869995,351.980011,341.73999,350.920013,350.920013,8198100,368.72000115,377.23340212
2018-08-07,353.230011,357.309998,349.01001,351.829987,351.829987,7970900,365.53000025,377.24420168
2018-08-08,352.209991,352.290009,346.609985,347.609985,347.609985,5394700,361.9779998,377.20180116
2018-08-09,347.959991,352.440002,345.820007,349.359985,349.359985,4820300,358.77099905,377.11820068
2018-08-10,346.910004,349.100006,344.420013,345.869995,345.869995,4328400,356.2744994,377.00360046
2018-08-13,339.890015,347.190002,339.070007,341.309998,341.309998,6888900,353.31599875,376.63120056
2018-08-14,342.089996,342.410004,336.25,337.48999,337.48999,5805200,351.2164977,376.1448004
2018-08-15,334.029999,335.5,321,326.399994,326.399994,11784500,348.77999715,375.35680052
2018-08-16,329.899994,331.170013,321.209991,322.440002,322.440002,6689700,346.6904967,374.45660032
2018-08-17,319.01001,324.369995,312.959991,316.779999,316.779999,10407900,344.47699725,373.56420042
2018-08-20,314.640015,331.600006,310.929993,327.730011,327.730011,13591100,342.7304976,372.9074005
2018-08-21,331,341.5,329.700012,338.019989,338.019989,14783200,341.7654967,372.43880004
2018-08-22,338.48999,346.209991,337.410004,344.440002,344.440002,8930700,340.84399705,372.05100034
2018-08-23,348.109985,350.079987,337.649994,339.170013,339.170013,11336400,339.6479979,371.23580074
2018-08-24,346,359.149994,344.540009,358.820007,358.820007,14729100,339.8284987,370.55480098
2018-08-27,367.149994,374.48999,360,364.579987,364.579987,17427300,341.3094985,370.0068005
2018-08-28,367.230011,369.98999,360.380005,368.48999,368.48999,9222600,342.8614974,369.56860042
2018-08-29,367.200012,369.859985,362.910004,368.040009,368.040009,8118700,344.3444976,368.82980038
2018-08-30,365,376.809998,363.540009,370.980011,370.980011,10981000,345.66849815,367.9142004
2018-08-31,370.660004,376,367.079987,367.679993,367.679993,7943400,346.897998,366.95900022
2018-09-04,366.470001,368.880005,361.26001,363.600006,363.600006,7605200,347.53199765,366.00920042
2018-09-05,360,363.390015,335.829987,341.179993,341.179993,13092800,346.99949795,365.14320006
2018-09-06,347.440002,356,341.98999,346.459991,346.459991,13050200,346.94199825,364.08459958
2018-09-07,342.200012,355.75,341.25,348.679993,348.679993,9105800,346.90799865,363.25039914
2018-09-10,352.269989,352.5,343.079987,348.410004,348.410004,5752200,347.0349991,362.31019896
2018-09-11,344.670013,356.149994,343.899994,355.929993,355.929993,6198100,347.76599885,361.60019896
2018-09-12,359.079987,370.429993,356.23999,369.950012,369.950012,10480800,349.38899995,361.03559934
2018-09-13,371.910004,374.089996,366.839996,368.149994,368.149994,8366100,351.47649995,360.58819944
2018-09-14,368.549988,371.089996,363.459991,364.559998,364.559998,4756400,353.58249975,359.9115991
2018-09-17,364.220001,367.329987,349.570007,350.350006,350.350006,7071900,355.2610001,358.75359922
2018-09-18,353.670013,368.149994,351.559998,367.649994,367.649994,10414000,357.25699925,357.72719908
2018-09-19,373.950012,377.609985,359.170013,366.959991,366.959991,11876800,358.70399935,356.7537988
2018-09-20,370.26001,370.26001,363.170013,365.359985,365.359985,6768100,359.7499985,355.68799862
2018-09-21,366.589996,372.220001,360.73999,361.190002,361.190002,11930600,360.85099795,354.64179866
2018-09-24,359,373.640015,354.329987,369.609985,369.609985,9322500,361.39049685,354.1179986
2018-09-25,370.230011,371.339996,364.48999,369.429993,369.429993,6799800,361.63299715,353.49699824
2018-09-26,373.589996,382,370.880005,377.880005,377.880005,13799700,362.1024979,353.46499812
2018-09-27,379.869995,383.200012,376,380.709991,380.709991,7326200,362.735997,353.57659784
2018-09-28,379.23999,380.799988,373.730011,374.130005,374.130005,7114900,362.8934967,353.77459772
2018-10-01,375.850006,386.109985,375.589996,381.429993,381.429993,8376600,363.5809967,354.18219782
2018-10-02,384.380005,386.799988,373.829987,377.140015,377.140015,8638700,364.25799715,354.47179804
2018-10-03,378.529999,380.929993,374.880005,377.049988,377.049988,5798600,366.0514969,354.86639766
2018-10-04,375.880005,375.920013,360.399994,363.649994,363.649994,9074400,366.91099705,354.88199764
2018-10-05,359.769989,363.5,343,351.350006,351.350006,13523000,367.0444977,354.64719784
2018-10-08,345.179993,352.950012,338.109985,349.100006,349.100006,12375500,367.0789978,354.52499814
2018-10-09,348.480011,358.720001,347.089996,355.709991,355.709991,8755000,367.0679977,354.93999814
2018-10-10,353.519989,355.149994,325.390015,325.890015,325.890015,17183100,364.86499785,354.7087982
2018-10-11,324.940002,334.200012,315.809998,321.100006,321.100006,16082100,362.51249845,354.36319822
2018-10-12,339.570007,341.299988,328.899994,339.559998,339.559998,14870800,361.26249845,354.26439818
2018-10-15,337.630005,339.209991,326.929993,333.130005,333.130005,11215000,360.4014984,354.06519836
2018-10-16,337.23999,347.950012,330.559998,346.399994,346.399994,20156400,359.3389984,353.97479798
2018-10-17,378.329987,380,356.5,364.700012,364.700012,32610900,359.22599945,354.23219848
2018-10-18,360.670013,362.200012,346.049988,346.709991,346.709991,18461000,358.29349975,354.2141986
2018-10-19,351,355.799988,332.200012,332.670013,332.670013,16717200,356.8675003,353.88039916
2018-10-22,333.100006,335.799988,320.339996,329.540009,329.540009,17097200,354.8640015,353.55379944
2018-10-23,318,336.579987,316.769989,333.160004,333.160004,14907300,353.05050205,353.39079956
2018-10-24,332.279999,333,300.730011,301.829987,301.829987,19039300,349.24800115,352.6775995
2018-10-25,307.119995,319.940002,305.25,312.869995,312.869995,13346900,345.85600135,352.40699952
2018-10-26,300.51001,313.98999,292.299988,299.829987,299.829987,19616000,342.14100045,351.95479922
2018-10-29,305.26001,307.890015,275.399994,284.839996,284.839996,21698800,337.3115006,351.31599916
2018-10-30,275.570007,290.519989,271.209991,285.809998,285.809998,23685700,332.74499975,350.4775989
2018-10-31,297.769989,311.5,295.049988,301.779999,301.779999,20360300,328.9815003,349.7527991
2018-11-01,304.589996,318.450012,296.670013,317.380005,317.380005,15121500,326.66800085,349.21159916
2018-11-02,318,321.880005,308.329987,309.100006,309.100006,13404600,324.55550085,348.61019902
2018-11-05,311.100006,317.529999,303.73999,315.440002,315.440002,10283000,322.87250065,347.74259892
2018-11-06,314.76001,320.220001,305.299988,310.839996,310.839996,9710400,320.6290009,346.6677991
2018-11-07,312.899994,328.559998,311,327.5,327.5,13328300,320.70950015,345.8479993
2018-11-08,328,332.049988,316.609985,317.920013,317.920013,11023900,320.5505005,344.84559938
2018-11-09,311.070007,312.980011,298.01001,303.470001,303.470001,13480800,318.74600065,343.49539918
2018-11-12,300,302.48999,290.630005,294.070007,294.070007,10924800,316.79300075,342.02319946
2018-11-13,295,303.549988,289.100006,294.399994,294.399994,12232200,314.19300075,340.63919922
2018-11-14,300.399994,301.839996,278.299988,286.730011,286.730011,16853600,310.2945007,339.55019958
2018-11-15,285.51001,292.5,282.160004,290.059998,290.059998,9967100,307.46200105,338.42219972
2018-11-16,287.140015,291.720001,281,286.209991,286.209991,9099500,305.13899995,337.17279968
2018-11-19,283.790009,285.089996,269.149994,270.600006,270.600006,12993800,302.1919998,335.61659972
2018-11-20,254.630005,276.339996,250,266.980011,266.980011,16693800,298.88300015,333.83760008
2018-11-21,274.420013,275.339996,261.51001,262.130005,262.130005,11023000,296.89800105,331.68119994
2018-11-23,260.109985,265.5,256.839996,258.820007,258.820007,5245100,294.19550165,329.4946002
2018-11-26,260.549988,266.25,253.800003,261.429993,261.429993,12498600,292.27550195,327.4320001
2018-11-27,259.23999,269.079987,256.140015,266.630005,266.630005,11149500,291.3650024,325.75760008
2018-11-28,271.980011,284,263.339996,282.649994,282.649994,14801300,291.2070022,324.05760008
2018-11-29,282.320007,290.48999,275.5,288.75,288.75,15431500,290.55550225,322.49340026
2018-11-30,288,290.809998,283.059998,286.130005,286.130005,11860100,288.99300225,320.90880066
2018-12-03,293.190002,298.720001,284.579987,290.299988,290.299988,14117400,288.05300135,319.49100038
2018-12-04,288.130005,295.73999,274.720001,275.329987,275.329987,12800600,286.0475006,317.60540042
2018-12-06,268.329987,283.220001,267.140015,282.880005,282.880005,13074300,284.64950105,315.87440066
2018-12-07,282.480011,284.209991,263.380005,265.140015,265.140015,12466700,281.5315018,313.61960086
2018-12-10,264.190002,271.179993,260.609985,269.700012,269.700012,9605600,279.12050175,311.39940128
2018-12-11,274.079987,274.5,262.76001,265.320007,265.320007,9843200,277.21300205,309.22320132
2018-12-12,267.660004,281.769989,266.480011,274.880005,274.880005,11456700,276.25350195,307.09220156
2018-12-13,277.640015,279.320007,271.850006,276.019989,276.019989,8379300,275.3345017,305.06980104
2018-12-14,271.809998,277.670013,265,266.839996,266.839996,9915300,274.34000095,302.8656012
2018-12-17,266.51001,272.980011,261.079987,262.799988,262.799988,9634700,272.97700045,300.84860108
2018-12-18,263.299988,275.75,263.290009,270.940002,270.940002,10350100,272.213501,299.240401
2018-12-19,269.959991,280.869995,263.769989,266.769989,266.769989,13788400,272.02200015,297.59380066
2018-12-20,264.640015,269.899994,251.880005,260.579987,260.579987,16792900,271.70199895,295.69120058
2018-12-21,263.829987,264.5,241.289993,246.389999,246.389999,21397600,270.91499865,294.10120026
2018-12-24,242,250.649994,233.679993,233.880005,233.880005,9547600,269.66799855,292.35680024
2018-12-26,233.919998,254.5,231.229996,253.669998,253.669998,14402700,269.2799988,290.63900024
2018-12-27,250.110001,255.589996,240.100006,255.570007,255.570007,12235200,268.7269989,289.08780028
2018-12-28,257.940002,261.910004,249.800003,256.079987,256.079987,10992800,267.39849855,287.28140014
2018-12-31,260.160004,270.100006,260,267.660004,267.660004,13508900,266.34399875,285.34059998
2019-01-02,259.279999,269.75,256.579987,267.660004,267.660004,11679500,265.4204987,283.75960024
2019-01-03,270.200012,275.790009,264.429993,271.200012,271.200012,14969600,264.4654999,282.53020022
2019-01-04,281.880005,297.799988,278.540009,297.570007,297.570007,19330100,265.5775009,281.89080018
2019-01-07,302.100006,316.799988,301.649994,315.339996,315.339996,18620100,267.20050045,281.53440002
2019-01-08,319.980011,320.589996,308.01001,320.269989,320.269989,15359200,269.95699915,281.90320006
2019-01-09,317.709991,323.350006,313.5,319.959991,319.959991,13343200,272.4699981,282.04499998
2019-01-10,314.570007,325.369995,312.5,324.660004,324.660004,13472500,275.43699795,282.54160032
2019-01-11,330.959991,341.089996,328.519989,337.589996,337.589996,19500400,278.5724975,283.59660032
2019-01-14,334.23999,335.480011,329.130005,332.940002,332.940002,10499600,281.41849815,284.5392004
2019-01-15,349.600006,357.220001,347,354.640015,354.640015,21181200,285.8084991,285.59640072
2019-01-16,354,358.850006,348.109985,351.390015,351.390015,15385500,290.23800045,286.27660092
2019-01-17,349.5,355.790009,346.410004,353.190002,353.190002,18871200,294.35050045,287.15840084
2019-01-18,351.970001,353,336.730011,339.100006,339.100006,26621000,297.9670013,287.63160092
2019-01-22,334.890015,336.880005,321.029999,325.160004,325.160004,17941400,301.19600215,287.91800108
2019-01-23,328.25,331.75,318.600006,321.98999,321.98999,13480100,304.9760017,287.80780088
2019-01-24,320.600006,331.799988,319,326.670013,326.670013,11131600,309.6155021,287.98280088
2019-01-25,328.720001,340,328.51001,338.049988,338.049988,11152900,313.8345016,288.67440062
2019-01-28,334.700012,336.299988,328.880005,335.660004,335.660004,8652100,317.83900145,289.50620056
2019-01-29,335.869995,338.220001,328.149994,328.899994,328.899994,7655200,321.4800018,290.19620056
2019-01-30,332.75,341.779999,330.799988,340.660004,340.660004,9234500,325.1300018,291.27480042
2019-01-31,339.679993,345.98999,338.089996,339.5,339.5,8535500,328.7220016,292.26360046
2019-02-01,337.179993,346.839996,336.5,339.850006,339.850006,9827800,332.1545013,293.33640076
2019-02-04,342.600006,352,341.299988,351.339996,351.339996,9051400,334.84300075,294.95120056
2019-02-05,353.200012,360,352.899994,355.809998,355.809998,9046600,336.86650085,296.7278003
2019-02-06,357,357.040009,347.190002,352.190002,352.190002,6717700,338.4625015,298.52900024
2019-02-07,347.899994,348.75,339.019989,344.709991,344.709991,7864500,339.7000015,300.24679992
2019-02-08,338,348,338,347.570007,347.570007,7561400,340.84550165,301.9696002
2019-02-11,350,352.869995,344.809998,345.730011,345.730011,5454900,341.2525024,303.55160032
2019-02-12,348.089996,360,346.519989,359.970001,359.970001,10429400,342.60400235,305.09800046
2019-02-13,357.299988,359.600006,350.279999,351.769989,351.769989,10559100,342.46050105,306.35840024
2019-02-14,351.75,360.450012,348.329987,359.070007,359.070007,9295300,342.84450065,307.81720028
2019-02-15,358.470001,364.399994,355.5,356.869995,356.869995,9230000,343.0285003,309.14860042
2019-02-19,355.799988,365,355.320007,361.920013,361.920013,7396600,344.16950065,310.88040094
2019-02-20,364.850006,366.709991,356.700012,359.910004,359.910004,8110700,345.90700065,312.42100092
2019-02-21,360.029999,362.850006,353.880005,356.970001,356.970001,6227900,347.6560012,314.25760064
2019-02-22,360.339996,366.130005,360.049988,363.019989,363.019989,7088200,349.4735,316.12400018
2019-02-25,367.01001,371.48999,363.790009,363.910004,363.910004,7569300,350.7665008,318.09580012
2019-02-26,362.980011,365.700012,359.329987,364.970001,364.970001,4944600,352.23200065,319.89760004
2019-02-27,363.5,368.029999,359.799988,362.869995,362.869995,5629900,353.9305007,321.63460016
2019-02-28,362.470001,366.390015,357.709991,358.100006,358.100006,6186800,354.8025008,323.45980036
2019-03-01,362.26001,362.869995,354.690002,357.320007,357.320007,5526500,355.69350115,325.35020074
2019-03-04,359.720001,362.25,348.040009,351.040009,351.040009,7487000,356.2530013,326.95220088
2019-03-05,351.459991,356.170013,348.25,354.299988,354.299988,5937800,356.4010009,328.70280086
2019-03-06,353.600006,359.880005,351.700012,359.609985,359.609985,6211900,356.59100025,330.68340082
2019-03-07,360.160004,362.859985,350.5,352.600006,352.600006,6151300,356.61150045,332.80760096
2019-03-08,345.75,349.920013,342.470001,349.600006,349.600006,6898800,356.8560012,335.12200098
2019-03-11,352,358.980011,350.029999,358.859985,358.859985,5387300,357.4205001,337.22580072
2019-03-12,359.369995,360.130005,353.799988,356.269989,356.269989,5164600,357.947499,339.23980036
2019-03-13,355.809998,362.480011,352.769989,361.209991,361.209991,6444100,358.0094985,341.34240044
2019-03-14,360.5,363.839996,358.100006,358.820007,358.820007,5271400,358.3619994,343.1656005
2019-03-15,361.019989,364,358.890015,361.459991,361.459991,8444500,358.4814986,345.04160024
2019-03-18,362.470001,370.970001,361.859985,363.440002,363.440002,7194700,358.80999895,346.88640004
2019-03-19,366.399994,366.959991,356.799988,358.779999,358.779999,7541400,358.65299825,348.110599879999
2019-03-20,358.910004,375.899994,357.01001,375.220001,375.220001,10917200,359.4184981,349.30819998
2019-03-21,374,379,370.609985,377.869995,377.869995,8544000,360.4634978,350.4602001
2019-03-22,375.950012,376.429993,360.040009,361.01001,361.01001,8661300,360.36299885,351.28120048
2019-03-25,359,367.040009,357.440002,366.230011,366.230011,8473800,360.4789992,352.11260062
2019-03-26,367.869995,368.380005,358.019989,359.970001,359.970001,7666500,360.2289992,352.56020072
2019-03-27,361,362.470001,350.369995,353.369995,353.369995,7852400,359.7539992,352.96880058
2019-03-28,354.48999,355.940002,349.200012,354.609985,354.609985,4361000,359.57949815,352.96819998
2019-03-29,357.160004,358.25,353.709991,356.559998,356.559998,4705600,359.5414977,353.07159964
2019-04-01,359,368.329987,358.51001,366.959991,366.959991,7036100,360.3374968,353.34699942
2019-04-02,366.25,368.420013,362.220001,367.720001,367.720001,5158700,361.00849745,353.91939932
2019-04-03,369.26001,373.410004,366.190002,369.75,369.75,5368900,361.5154982,354.81119924
2019-04-04,370.070007,372.049988,362.399994,367.880005,367.880005,4627300,362.27949815,355.72899954
2019-04-05,369,369.799988,364.660004,365.48999,365.48999,3905500,363.07399735,356.50539908
2019-04-08,365.109985,365.940002,359.929993,361.410004,361.410004,4653800,363.2014983,356.9725994
2019-04-09,360.540009,366.73999,359,364.709991,364.709991,5439200,363.6234984,357.55359914
2019-04-10,365.790009,368.850006,362.25,363.920013,363.920013,4545600,363.7589995,358.25399952
2019-04-11,365,370.119995,360.809998,367.649994,367.649994,6526900,364.20049885,358.79379932
2019-04-12,360.690002,361.75,349.359985,351.140015,351.140015,15646200,363.68450005,359.02659962
2019-04-15,350.709991,352.209991,342.269989,348.869995,348.869995,8842300,362.9559997,359.2069994
2019-04-16,355,364.480011,352.720001,359.459991,359.459991,18740200,362.9899993,359.3693993
2019-04-17,365.049988,368.76001,350.600006,354.73999,354.73999,18054100,361.96599875,359.34799914
2019-04-18,355,360.410004,351.640015,360.350006,360.350006,8353200,361.0899993,359.51119922
2019-04-22,359.700012,377.690002,359,377.339996,377.339996,11980500,361.9064986,360.16379932
2019-04-23,375.450012,384.799988,374.709991,381.890015,381.890015,10089800,362.6894988,360.85019948
2019-04-24,381.070007,381.899994,373.269989,374.230011,374.230011,6541900,363.4024993,361.42019948
2019-04-25,374.48999,374.76001,365.700012,368.329987,368.329987,6255500,364.1504989,361.5873992
2019-04-26,368.350006,375.140015,366.23999,374.850006,374.850006,5621900,365.16249995,362.04899954
2019-04-29,373.679993,374.579987,369.119995,371.829987,371.829987,3821700,365.9259994,362.30419914
2019-04-30,369.559998,374.5,368.350006,370.540009,370.540009,3870100,366.1050003,362.57759942
2019-05-01,374,385.98999,373.170013,378.809998,378.809998,9257300,366.65950015,362.91539912
2019-05-02,378,383.5,374.51001,379.059998,379.059998,5398200,367.12500005,363.298399
2019-05-03,381.529999,385.029999,378.269989,385.029999,385.029999,5130300,367.98249975,363.85959896
2019-05-06,377.690002,381.350006,376,378.670013,378.670013,5793100,368.6415009,364.17259944
2019-05-07,377,379.910004,365.809998,370.459991,370.459991,6974900,369.09400025,364.30359918
2019-05-08,367.920013,369,361.359985,364.369995,364.369995,6572000,369.07700045,364.29159906
2019-05-09,360.899994,364.200012,352.75,362.75,362.75,5882600,369.0184998,364.28919916
2019-05-10,361.619995,365.26001,353.059998,361.040009,361.040009,5657100,368.68800055,364.34799922
2019-05-13,352.290009,354.26001,343.100006,345.26001,345.26001,8026700,368.3940003,364.10679928
2019-05-14,348.709991,349.950012,342.5,345.609985,345.609985,5353000,368.2309998,363.9981988
2019-05-15,343.339996,356.5,341.390015,354.98999,354.98999,6340100,368.00749975,364.01199884
2019-05-16,356.369995,364,353.940002,359.309998,359.309998,6441500,368.23600015,364.0059991
2019-05-17,356.390015,359.619995,353.790009,354.450012,354.450012,4725400,367.94100045,364.04299922
2019-05-20,351.230011,352.420013,345.399994,348.109985,348.109985,4621500,366.4794999,364.0131988
2019-05-21,350.950012,356.429993,349.929993,354.269989,354.269989,4026400,365.0984986,363.92139888
2019-05-22,358.01001,370.459991,357.299988,359.730011,359.730011,6229400,364.3734986,363.99059932
2019-05-23,355.5,357.420013,347.700012,352.209991,352.209991,5630400,363.5674988,363.81059932
2019-05-24,355.410004,359.440002,353.790009,354.390015,354.390015,3831000,362.54449925,363.72199948
2019-05-28,354.390015,361.200012,353.649994,355.059998,355.059998,4717100,361.7059998,363.59399962
2019-05-29,353.600006,353.850006,345.899994,349.190002,349.190002,5658900,360.63849945,363.30899962
2019-05-30,350.549988,354.209991,348.299988,351.850006,351.850006,4008000,359.29049985,363.17039976
2019-05-31,347.220001,349.339996,342.920013,343.279999,343.279999,5023400,357.5014999,362.53159972
2019-06-03,343.559998,347.660004,332.649994,336.630005,336.630005,7849600,355.0815002,361.70679992
2019-06-04,345,353.609985,343.25,353.399994,353.399994,7891600,353.81799925,361.5545996
2019-06-05,354.380005,357.880005,348.709991,355.730011,355.730011,5020100,353.08150025,361.3445996
2019-06-06,354.839996,358.209991,352.089996,357.130005,357.130005,3710000,352.71950075,361.28779968
2019-06-07,357.390015,365.149994,355.690002,360.869995,360.869995,4777300,352.6255005,361.43779968
2019-06-10,363.649994,367.100006,349.290009,352.01001,352.01001,7810300,352.17400055,361.38580018
2019-06-11,355,357.579987,348.5,351.269989,351.269989,5396700,352.4744995,361.28
2019-06-12,351.820007,353.609985,343.230011,345.559998,345.559998,4584700,352.47200015,360.85200014
2019-06-13,347.230011,348.5,339.25,343.429993,343.429993,6209300,351.8940003,360.36619998
2019-06-14,341.630005,343.399994,336.160004,339.730011,339.730011,5019000,350.91500095,359.7658002
2019-06-17,342.690002,351.769989,342.059998,350.619995,350.619995,5358200,350.7235001,359.4206
2019-06-18,355.570007,361.5,353.75,357.119995,357.119995,5428500,351.1740006,359.2532001
2019-06-19,361.720001,364.73999,356.119995,363.519989,363.519989,5667200,351.6365006,359.2953998
2019-06-20,365.910004,370.119995,361.220001,365.209991,365.209991,5899500,351.9104996,359.3053998
2019-06-21,365,371.450012,365,369.209991,369.209991,7448400,352.7604996,359.41119936
2019-06-24,370.269989,375,370.200012,371.040009,371.040009,4830200,353.5929993,359.47899966
2019-06-25,370.75,371,358.290009,360.299988,360.299988,5750400,353.8549988,359.66219912
2019-06-26,361.600006,366.790009,361.600006,362.200012,362.200012,3669700,354.5054993,359.92879946
2019-06-27,363.200012,370.850006,363.200012,370.019989,370.019989,4138600,355.41399845,360.13999942
2019-06-28,370.26001,371.540009,364.869995,367.320007,367.320007,4592700,356.61599885,360.39159976
2019-07-01,373.5,376.660004,372,374.600006,374.600006,4992600,358.5144989,360.67659976
2019-07-02,374.890015,376,370.309998,375.429993,375.429993,3625000,359.61599885,360.6383997
2019-07-03,376.690002,381.98999,375.839996,381.720001,381.720001,3799000,360.91549835,360.63499942
2019-07-05,378.290009,381.399994,375.559998,380.549988,380.549988,3732200,362.0864975,360.76139896
2019-07-08,378.190002,378.25,375.359985,376.160004,376.160004,3113400,362.85099795,360.9179993
2019-07-09,379.059998,384.76001,377.5,379.929993,379.929993,6932800,364.2469971,361.01959904
2019-07-10,382.769989,384.339996,362.679993,381,381,5878800,365.73349765,361.2029993
2019-07-11,381.100006,384.540009,378.799988,379.5,379.5,4336300,367.43049775,361.38219912
2019-07-12,378.679993,379.73999,372.790009,373.25,373.25,6636900,368.9214981,361.27099916
2019-07-15,372.940002,373.679993,362.299988,366.600006,366.600006,7944700,370.26499785,361.02179932
2019-07-16,370.089996,371.339996,364.920013,365.98999,365.98999,5863200,371.0334976,360.64099914
2019-07-17,366.25,366.5,361.75,362.440002,362.440002,13639500,371.29949795,360.31639892
2019-07-18,323.76001,329.850006,320.299988,325.209991,325.209991,31287100,369.38399805,359.41139892
2019-07-19,323.399994,325.850006,314.230011,315.100006,315.100006,16302500,366.8784988,358.42599914
2019-07-22,312,314.540009,305.809998,310.619995,310.619995,17718000,363.948999,357.38339904
2019-07-23,311.440002,313.5,306,307.299988,307.299988,9171100,360.76199795,356.30859862
2019-07-24,310.51001,319.98999,307.25,317.940002,317.940002,11961800,358.64399865,355.76219846
2019-07-25,318.859985,327.690002,316.299988,326.459991,326.459991,10798500,356.8569976,355.37919858
2019-07-26,328.790009,336,327.5,335.779999,335.779999,10847500,355.1449981,354.99499876
2019-07-29,335.980011,336.399994,328.769989,332.700012,332.700012,5782800,353.41399835,354.46279904
2019-07-30,329.200012,329.649994,323.230011,325.929993,325.929993,6029300,350.9804977,353.89239866
2019-07-31,325.160004,331.769989,318.529999,322.98999,322.98999,6259500,348.35849755,353.38999876
2019-08-01,324.25,328.579987,318.73999,319.5,319.5,6563200,345.2474975,352.69459898
2019-08-02,317.48999,319.410004,311.799988,318.829987,318.829987,6280300,342.16149745,351.8765985
2019-08-05,310.959991,313.420013,304.679993,307.630005,307.630005,8692500,338.7349975,350.98499878
2019-08-06,310.579987,311.880005,305.299988,310.100006,310.100006,6179100,335.24349815,350.0991986
2019-08-07,302.559998,305,296.809998,304.290009,304.290009,9322400,331.4079986,349.08379882
2019-08-08,311.029999,316.359985,306.630005,315.899994,315.899994,5905900,328.2279983,348.41799866
2019-08-09,313.73999,316.640015,305.679993,308.929993,308.929993,5349100,325.01199795,347.5595984
2019-08-12,305.459991,312.890015,303.23999,310.829987,310.829987,6531700,322.223497,346.91059816
2019-08-13,309.769989,316.429993,308.160004,312.279999,312.279999,5289400,319.53799745,346.42359804
2019-08-14,308.01001,308.410004,298.01001,299.109985,299.109985,7355800,316.3714966,345.33779786
2019-08-15,299.5,300.630005,288,295.76001,295.76001,9629200,314.89899755,344.13839784
2019-08-16,298.859985,303.549988,296.269989,302.799988,302.799988,6905800,314.28399665,343.0517975
2019-08-19,306.25,311.75,304.75,309.380005,309.380005,4942200,314.22199715,342.0219977
2019-08-20,304.570007,305,297.679993,298.98999,298.98999,7349900,313.80649725,340.9615973
2019-08-21,301.609985,302.880005,296.200012,297.809998,297.809998,5685400,312.79999705,339.89239748
2019-08-22,298.649994,300.329987,293.149994,296.929993,296.929993,4974200,311.32349715,338.91979738
2019-08-23,295,299.01001,290.320007,291.440002,291.440002,6324900,309.1064973,337.87999756
2019-08-26,295.23999,296.950012,292.5,294.980011,294.980011,4695700,307.22049725,336.98499756
2019-08-27,294.540009,296.769989,287.200012,291.029999,291.029999,6309400,305.47549755,335.79319764
2019-08-28,289.470001,292.820007,287.75,291.769989,291.769989,3955700,303.9144975,334.48619752
2019-08-29,295,299.929993,294.98999,296.779999,296.779999,4388500,302.77849745,333.15139772
2019-08-30,298.779999,298.940002,290.850006,293.75,293.75,4446400,301.5244981,331.7221979
2019-09-03,290.820007,293.899994,288.059998,289.290009,289.290009,3682800,300.6074983,330.12379826
2019-09-04,291.25,292.380005,286.51001,291.519989,291.519989,4652500,299.67849745,328.53339786
2019-09-05,285.320007,293.970001,282.790009,293.25,293.25,8966800,299.126497,327.1923981
2019-09-06,293.350006,293.350006,287.029999,290.170013,290.170013,5166600,297.83999795,325.75179812
2019-09-09,294.809998,301.549988,290.600006,294.339996,294.339996,8232700,297.1104981,324.23819826
2019-09-10,291.160004,297.170013,282.660004,287.98999,287.98999,12320200,295.96849825,322.65159792
2019-09-11,285.700012,292.649994,284.609985,288.269989,288.269989,7405900,294.76799775,320.924997579999
2019-09-12,288.100006,292.730011,286.600006,288.859985,288.859985,5010900,294.25549775,319.193597419999
2019-09-13,290.609985,296.619995,290.040009,294.149994,294.149994,6583100,294.17499695,317.442197279999
2019-09-16,294.230011,297.429993,289.779999,294.290009,294.290009,5307400,293.749498,315.716997699999
2019-09-17,294.5,299.149994,291.790009,298.600006,298.600006,4777100,293.21049805,314.165797739999
2019-09-18,294.98999,296.049988,287.450012,291.559998,291.559998,7811100,292.83899845,312.398397839999
2019-09-19,291.559998,293.809998,283.399994,286.600006,286.600006,8461300,292.27849885,310.51039796
2019-09-20,280.26001,282.5,266,270.75,270.75,23832800,290.9694992,308.33539796
2019-09-23,268.350006,273.390015,261.890015,265.920013,265.920013,13478600,289.69349975,306.18879822
2019-09-24,262.5,265,252.279999,254.589996,254.589996,16338200,287.673999,303.94859802
2019-09-25,255.710007,266.600006,253.699997,264.75,264.75,11643800,286.35999905,301.92379822
2019-09-26,266.420013,268.049988,260.200012,263.309998,263.309998,7684000,284.9369995,299.94119814
2019-09-27,266.179993,267.440002,260.390015,263.079987,263.079987,7328300,283.2519989,298.69859806
2019-09-30,264,268.880005,262.779999,267.619995,267.619995,6727200,281.94549865,297.74899784
2019-10-01,267.350006,272.200012,264.029999,269.579987,269.579987,8650300,280.95999755,296.92819768
2019-10-02,263.609985,269.350006,262.190002,268.029999,268.029999,7659100,279.78549805,296.142797899999
2019-10-03,267.779999,268.839996,257.01001,268.149994,268.149994,8951000,278.53049775,295.14699774
2019-10-04,268.200012,275.480011,266.470001,272.790009,272.790009,9890400,277.66149755,294.0735981
2019-10-07,271.98999,276.679993,271.279999,274.459991,274.459991,6525600,276.6674973,292.847197939999
2019-10-08,273.029999,275.529999,270.640015,270.720001,270.720001,6276400,275.80399785,291.607597719999
2019-10-09,270.019989,271,264.570007,267.529999,267.529999,6794400,274.76699835,290.43959784
2019-10-10,265.970001,280.529999,265.029999,280.480011,280.480011,10809100,274.34799965,289.589398259999
2019-10-11,284.799988,287.869995,282.339996,282.929993,282.929993,8786100,273.7869996,288.857998119999
2019-10-14,283.929993,286.929993,282,285.529999,285.529999,5513200,273.3489991,288.19199836
2019-10-15,283.820007,285.869995,279.399994,284.25,284.25,7685600,272.6314988,287.72439826
2019-10-16,283.119995,288.170013,280.73999,286.279999,286.279999,16175900,272.36749885,287.24799812
2019-10-17,304.48999,308.75,288.299988,293.350006,293.350006,38258900,272.70499885,287.029198059999
2019-10-18,289.359985,290.899994,273.359985,275.299988,275.299988,23429900,272.93249825,286.21719794
2019-10-21,272.890015,279.940002,269,278.049988,278.049988,12599200,273.538997,285.59959784
2019-10-22,271.160004,275.410004,265.799988,266.690002,266.690002,11802400,274.1439973,284.71679814
2019-10-23,268.059998,273.920013,266.630005,271.269989,271.269989,7133500,274.46999675,283.89659794
2019-10-24,271.809998,274.019989,268.799988,271.5,271.5,4827400,274.87949685,283.34439824
2019-10-25,270.679993,277.769989,270.179993,276.820007,276.820007,4747800,275.56649785,282.96559818
2019-10-28,278.049988,285.75,277.350006,281.859985,281.859985,6248400,276.27849735,282.54679812
2019-10-29,281.869995,284.410004,277.549988,281.209991,281.209991,4356200,276.85999755,281.983397839999
2019-10-30,284.339996,293.48999,283,291.450012,291.450012,9345600,278.0309982,281.83259828
2019-10-31,291,291.450012,284.779999,287.410004,287.410004,5090000,278.9939987,281.6245984
2019-11-01,288.700012,289.119995,283.019989,286.809998,286.809998,5594300,279.69499815,281.4221985
2019-11-04,288,295.390015,287.160004,292.859985,292.859985,5566200,280.61499785,281.45059816
2019-11-05,289.98999,291.190002,286.309998,288.029999,288.029999,4062400,281.48049775,281.311597919999
2019-11-06,288.190002,290.559998,285.839996,288.589996,288.589996,3438300,282.5334976,281.26279786
2019-11-07,290.700012,298.190002,288.269989,289.570007,289.570007,5928500,282.9879974,281.21879822
2019-11-08,288.730011,293.98999,287.51001,291.570007,291.570007,4509000,283.4199981,281.11459838
2019-11-11,289.160004,296.359985,288.5,294.179993,294.179993,3944300,283.8524978,281.12319824
2019-11-12,295.320007,295.350006,288.700012,292.01001,292.01001,5772800,284.2404983,281.17759826
2019-11-13,291.029999,293.410004,281.140015,283.109985,283.109985,9158900,284.0819976,281.009398179999
2019-11-14,283.25,290.630005,283.220001,289.619995,289.619995,6529000,283.89549705,280.93679808
2019-11-15,290.589996,295.820007,287.570007,295.029999,295.029999,6333800,284.8819976,281.033997799999
2019-11-18,296,304.98999,293.279999,302.570007,302.570007,8616600,286.10799855,281.19859802
2019-11-19,304.01001,305.670013,298.519989,302.600006,302.600006,5918000,287.90349875,281.49079834
2019-11-20,301.01001,308.25,301,305.160004,305.160004,5111800,289.5979995,281.828598639999
2019-11-21,306,312.690002,304.26001,311.690002,311.690002,7488400,291.6074996,282.285198979999
2019-11-22,309.100006,311.399994,304.410004,310.480011,310.480011,5970100,293.2904998,282.611799319999
2019-11-25,308.829987,315.730011,305.25,315.549988,315.549988,7873900,294.97499995,283.0369989
2019-11-26,315,316.5,311.690002,312.48999,312.48999,5321000,296.5389999,283.314798579999
2019-11-27,313.929993,316.820007,312.75,315.929993,315.929993,4096900,297.76299895,283.802198479999
2019-11-29,315.779999,316.619995,313.339996,314.660004,314.660004,2411700,299.12549895,284.363398439999
2019-12-02,314.390015,314.390015,303.75,309.98999,309.98999,6218800,300.28449855,285.148198239999
2019-12-03,302.220001,307.359985,301.880005,306.160004,306.160004,4992800,300.9494995,285.952998059999
2019-12-04,308.429993,308.429993,303.269989,304.320007,304.320007,3512100,301.7639999,286.947598279999
2019-12-05,305.269989,306.480011,298.809998,302.859985,302.859985,4615500,302.47749935,287.709797979999
2019-12-06,304.700012,307.850006,302.600006,307.350006,307.350006,4457800,303.3664993,288.590598139999
2019-12-09,307.350006,311.48999,302.440002,302.5,302.5,5748400,303.91299895,289.378998399999
2019-12-10,296.119995,298.940002,292.019989,293.119995,293.119995,10476100,303.85999905,289.888998399999
2019-12-11,294.48999,299.429993,294.200012,298.929993,298.929993,5589800,304.2059982,290.475998519999
2019-12-12,295.670013,299.170013,295.059998,298.440002,298.440002,4766600,304.97249905,291.084198579999
2019-12-13,298.5,301.799988,297.25,298.5,298.5,3879700,305.4164993,291.691198699999
2019-12-16,300.850006,305.709991,298.630005,304.209991,304.209991,4658900,305.8754989,292.319598339999
2019-12-17,307.359985,316.799988,306.600006,315.480011,315.480011,10427100,306.5209991,293.139998739999
2019-12-18,316.26001,325.359985,315.600006,320.799988,320.799988,11207400,307.4309982,294.141598479999
2019-12-19,324.5,332.829987,324.179993,332.220001,332.220001,9822300,308.78399805,295.435398519999
2019-12-20,335,338,330.600006,336.899994,336.899994,9914900,310.04449765,296.563798179999
2019-12-23,337.76001,337.950012,331.019989,333.100006,333.100006,5765300,311.1754974,297.567198439999
2019-12-24,334.01001,335.700012,331.600006,333.200012,333.200012,2019300,312.0579986,298.520598699999
2019-12-26,334.600006,336.459991,332.01001,332.630005,332.630005,3589900,313.06499935,299.488198799999
2019-12-27,332.959991,333.820007,326.01001,329.089996,329.089996,5036100,313.7229995,300.344398739999
2019-12-30,329.079987,329.190002,322.859985,323.309998,323.309998,4311500,314.1554992,300.943598579999
2019-12-31,322,324.920013,321.089996,323.570007,323.570007,3713300,314.83450005,301.908998959999
2020-01-02,326.100006,329.980011,324.779999,329.809998,329.809998,4485800,316.01699975,302.944199159999
2020-01-03,326.779999,329.859985,325.529999,325.899994,325.899994,3806900,317.0959991,304.128398999999
2020-01-06,323.119995,336.359985,321.200012,335.829987,335.829987,5663100,318.7444992,305.419598959999
2020-01-07,336.470001,336.700012,330.299988,330.75,330.75,4703200,319.9144989,306.604598959999
2020-01-08,331.48999,342.700012,331.049988,339.26001,339.26001,7104500,321.7524994,307.853399019999
2020-01-09,342,343.420013,334.609985,335.660004,335.660004,4709300,323.87949985,308.929399399999
2020-01-10,337.130005,338.5,327.269989,329.049988,329.049988,4718300,325.3854996,309.886199339999
2020-01-13,331.799988,340.850006,331.51001,338.920013,338.920013,6290000,327.40950015,310.835599359999
2020-01-14,344.399994,345.380005,335.519989,338.690002,338.690002,7199400,329.41900025,311.861199319999
2020-01-15,338.679993,343.170013,336.600006,339.070007,339.070007,5158000,331.16200105,312.906399499999
2020-01-16,343.5,343.559998,335.850006,338.619995,338.619995,5016000,332.31900025,313.821599699999
2020-01-17,341,341.570007,337.380005,339.670013,339.670013,6066500,333.2625015,314.854399979999
2020-01-21,340,341,332.589996,338.109985,338.109985,14350300,333.5570007,315.844799759999
2020-01-22,332.549988,336.299988,323.600006,326,326,21730000,333.012001,316.573399619999
2020-01-23,326.040009,349.880005,325.01001,349.600006,349.600006,18200300,333.837001,317.733999599999
2020-01-24,348.459991,359.850006,345.880005,353.160004,353.160004,17939700,334.8350006,318.913599819999
2020-01-27,345.950012,351.899994,341.019989,342.880005,342.880005,7709500,335.3475006,319.930999719999
2020-01-28,345.880005,352.399994,342.779999,348.519989,348.519989,6821600,336.31900025,321.239199799999
2020-01-29,349,349.399994,338.549988,343.160004,343.160004,7643500,337.31150055,322.309999979999
2020-01-30,341.100006,348.200012,339.25,347.73999,347.73999,5328100,338.5199997,323.364199799999
2020-01-31,347.390015,347.390015,340.980011,345.089996,345.089996,5230000,339.2839996,324.214599579999
2020-02-03,347.23999,359.630005,346.279999,358,358,6670600,340.8889999,325.322599459999
2020-02-04,361,369.570007,356.100006,369.01001,369.01001,7161500,342.54800105,326.599599579999
2020-02-05,375.130005,375.25,362.299988,369.670013,369.670013,6437000,344.4940017,327.759199799999
2020-02-06,369.600006,371.549988,362.51001,366.950012,366.950012,3920400,345.8785018,328.888599819999
2020-02-07,365.040009,371.799988,363.570007,366.769989,366.769989,4385200,347.43400105,329.912999839999
2020-02-10,365,374.799988,362.519989,371.070007,371.070007,5294100,349.535002,331.084600179999
2020-02-11,373.75,378.109985,369.720001,373.690002,373.690002,4772900,351.27350145,332.239800359999
2020-02-12,377.179993,380.619995,375.880005,380.01001,380.01001,4624800,353.33950185,333.546800479999
2020-02-13,376.959991,385.369995,376.51001,381.399994,381.399994,4485400,355.4560012,334.975000559999
2020-02-14,381.470001,385.149994,379.429993,380.399994,380.399994,3736300,357.54500115,336.459800359999
2020-02-18,379.299988,389.540009,379.190002,387.779999,387.779999,5173900,359.95050045,338.129000199999
2020-02-19,388.119995,392.950012,384.899994,386.190002,386.190002,4896400,362.3545013,339.795600539999
2020-02-20,386.559998,389.700012,376.679993,386,386,4079400,365.3545013,341.368600419999
2020-02-21,385.329987,387.320007,377.899994,380.070007,380.070007,3930100,366.87800135,342.920000559999
2020-02-24,364.76001,372.820007,361,368.700012,368.700012,6936400,367.65500175,344.431600899999
2020-02-25,372,375.649994,357.720001,360.089996,360.089996,6481200,368.5155013,345.654800959999
2020-02-26,366.309998,382,365,379.23999,379.23999,8934100,370.05150135,347.270800719999
2020-02-27,371.459991,391.559998,370.600006,371.709991,371.709991,10967700,371.4790007,348.735000539999
2020-02-28,364.209991,376.769989,356.799988,369.029999,369.029999,11168600,372.54350115,350.031400699999
2020-03-02,373.109985,381.359985,364.5,381.049988,381.049988,6997900,374.34150075,351.342800239999
2020-03-03,381.029999,393.519989,367.399994,368.769989,368.769989,8364600,374.8800002,352.302200259999
2020-03-04,377.769989,384.01001,370.51001,383.790009,383.790009,5487300,375.61900015,353.333600419999
2020-03-05,381,391.399994,368.640015,372.779999,372.779999,8747000,375.77449945,354.051200519999
2020-03-06,367.700012,371.309998,356.850006,368.970001,368.970001,8147200,375.8754989,354.768600419999
2020-03-09,343.859985,357.470001,341.720001,346.48999,346.48999,7405500,374.86149895,355.034399979999
2020-03-10,356.429993,364.540009,347.850006,364.130005,364.130005,7604400,374.51449885,355.664399979999
2020-03-11,358.920013,362.980011,344.790009,349.920013,349.920013,6036000,373.3259994,356.081000319999
2020-03-12,326.5,335.720001,307.320007,315.25,315.25,12071600,370.0879989,355.919800359999
2020-03-13,330.51001,336.420013,307.390015,336.299988,336.299988,9458200,367.8329986,356.174399979999
2020-03-16,306.630005,334.350006,294.75,298.839996,298.839996,10559900,363.7549987,355.554999939999
2020-03-17,306.190002,322.899994,290.25,319.75,319.75,10013900,360.35349875,355.432000059999
2020-03-18,302.399994,331.579987,300,315.470001,315.470001,12593600,356.8174987,355.024800339999
2020-03-19,324.329987,348.51001,316.820007,332.029999,332.029999,10616000,354.11899865,355.050400319999
2020-03-20,342.309998,350.48999,332,332.829987,332.829987,10853800,351.75699765,354.921799859999
2020-03-23,347.890015,366.109985,340.880005,360.269989,360.269989,13449400,351.3354965,355.413999559999
2020-03-24,369.98999,372.929993,353.029999,357.320007,357.320007,11638700,351.19699705,355.979399939999
2020-03-25,361.019989,362,339.170013,342.390015,342.390015,8767200,349.3544983,356.048799979999
2020-03-26,344,363.839996,341.730011,362.98999,362.98999,7229600,348.91849825,356.534799739999
2020-03-27,359.089996,368.559998,353,357.119995,357.119995,7948800,348.32299805,356.895799499999
2020-03-30,363,377.799988,361.170013,370.959991,370.959991,8622000,347.8184982,357.542599419999
2020-03-31,367.929993,383.01001,366.440002,375.5,375.5,9366500,348.15499875,358.259199159999
2020-04-01,376.049988,380.230011,361.019989,364.079987,364.079987,6672500,347.16949765,358.778599199999
2020-04-02,364.079987,370.98999,360.059998,370.079987,370.079987,4592500,347.03449705,359.660198939999
2020-04-03,367.470001,370.899994,357.51001,361.76001,361.76001,4860800,346.6739975,359.903399019999
2020-04-06,365.220001,380.290009,361.709991,379.959991,379.959991,8183900,348.34749755,360.439398759999
2020-04-07,380,381.329987,369.339996,372.279999,372.279999,7046400,348.75499725,361.027398639999
2020-04-08,374.01001,378.390015,368.309998,371.119995,371.119995,6908900,349.81499635,361.479398759999
2020-04-09,371.059998,372.100006,363.029999,370.720001,370.720001,7711300,352.5884964,362.030598699999
2020-04-13,371.309998,400.51001,367.700012,396.720001,396.720001,11692900,355.60949705,363.010198919999
2020-04-14,397.5,417.820007,394.850006,413.549988,413.549988,11581000,361.34499665,364.379398759999
2020-04-15,413,434.980011,412.25,426.75,426.75,13561200,366.69499665,365.754398759999
2020-04-16,437,449.519989,431.609985,439.170013,439.170013,16128700,372.87999725,367.157598819999
2020-04-17,431,432,414.700012,422.959991,422.959991,12616300,377.42649685,368.223398379999
2020-04-20,435.170013,444.48999,430.559998,437.48999,437.48999,12655800,382.659497,369.634197939999
2020-04-21,444.769989,447,425.600006,433.829987,433.829987,23177600,386.3374969,370.975397899999
2020-04-22,429.730011,433,413,421.420013,421.420013,21084800,389.5424972,371.982398019999
2020-04-23,419.26001,438.410004,419.26001,426.700012,426.700012,13952300,393.75799705,373.042598219999
2020-04-24,425,427.170013,415.880005,424.98999,424.98999,8658900,396.85799705,373.942197819999
2020-04-27,425,429,420.839996,421.380005,421.380005,6277500,400.07099755,374.741798039999
2020-04-28,419.98999,421,402.910004,403.829987,403.829987,10101200,401.71449735,375.210397899999
2020-04-29,399.529999,415.859985,393.600006,411.890015,411.890015,9693100,403.5339981,375.692598219999
2020-04-30,410.309998,424.440002,408,419.850006,419.850006,7954000,406.32249905,376.365798299999
2020-05-01,415.100006,427.970001,411.730011,415.269989,415.269989,8299900,408.58199915,376.951198079999
2020-05-04,417.779999,428.540009,414.869995,428.149994,428.149994,7799100,411.90149835,377.912797819999
2020-05-05,427.559998,431,421.559998,424.679993,424.679993,6286300,414.13749845,379.032397439999
2020-05-06,429.299988,439.769989,426.390015,434.26001,434.26001,6660700,417.236499,380.515797719999
2020-05-07,436.890015,438.880005,430.660004,436.529999,436.529999,5641900,420.5069992,381.661597899999
2020-05-08,434.140015,442,433.640015,435.549988,435.549988,5049300,423.74849855,382.938397839999
2020-05-11,436.329987,444.890015,435.559998,440.519989,440.519989,5486000,425.93849795,384.368197639999
2020-05-12,442,444.170013,431.359985,431.820007,431.820007,4598200,426.8519989,385.383598019999
2020-05-13,435.690002,447,427.269989,438.269989,438.269989,7014600,427.42799835,386.773598019999
2020-05-14,444.899994,452.380005,432.820007,441.950012,441.950012,9007500,427.5669983,387.936798079999
2020-05-15,440.700012,455,437.51001,454.190002,454.190002,7244000,429.12849885,389.564998139999
2020-05-18,451.160004,456.359985,443.350006,452.579987,452.579987,7773500,429.8829987,391.237197859999
2020-05-19,453.399994,458.970001,450.470001,451.040009,451.040009,4810500,430.7434998,393.328198239999
2020-05-20,454.25,455.809998,444,447.670013,447.670013,5607300,432.0559998,394.998998399999
2020-05-21,448.559998,448.959991,430.25,436.25,436.25,9117300,432.5334992,396.725598139999
2020-05-22,437,439.089996,427.179993,429.320007,429.320007,5422300,432.75000005,399.006998279999
2020-05-26,427.769989,428.5,413.140015,414.769989,414.769989,7881100,432.41949925,400.576398299999
2020-05-27,410.380005,420.019989,397.859985,419.890015,419.890015,10446300,433.22250065,402.99739868
2020-05-28,417.23999,422.369995,411.5,413.440002,413.440002,5655100,433.3,404.87119872
2020-05-29,417.459991,420.299988,411.850006,419.730011,419.730011,5254900,433.29400025,406.956398919999
2020-06-01,418.829987,426.720001,415.980011,425.920013,425.920013,3743700,433.82650145,408.834199199999
2020-06-02,425.869995,427.589996,419.459991,427.309998,427.309998,3494800,433.78450165,410.723799419999
2020-06-03,426.950012,427.100006,418.049988,421.970001,421.970001,4316000,433.64900205,411.95779966
2020-06-04,422.390015,428.709991,410.029999,414.329987,414.329987,5410500,432.6525009,413.09799926
2020-06-05,407.290009,420.23999,404.25,419.600006,419.600006,5099600,431.80600125,414.64219908
2020-06-08,416,420.799988,406.5,419.48999,419.48999,5851500,431.00300135,415.77219908
2020-06-09,421.649994,434.730011,420.309998,434.049988,434.049988,6797000,430.6795013,417.31079894
2020-06-10,436,439.690002,430.549988,434.480011,434.480011,4896900,430.8125015,418.58119934
2020-06-11,428.200012,445.570007,424.160004,425.559998,425.559998,7462900,430.17700195,419.5823993
2020-06-12,429,434.059998,412.450012,418.070007,418.070007,6461100,428.9830017,420.662199699999
2020-06-15,421.399994,426.48999,415.420013,425.5,425.5,4467900,427.5485016,421.770599959999
2020-06-16,425.76001,437.959991,425.179993,436.130005,436.130005,5507900,426.7260025,423.257999859999
2020-06-17,441.820007,450.459991,439.220001,447.769989,447.769989,6529600,426.5625015,424.614199819999
2020-06-18,448.730011,452.76001,442.799988,449.869995,449.869995,4277600,426.6725006,426.165999739999
2020-06-19,449.119995,453.970001,445.600006,453.720001,453.720001,5934500,427.54600065,427.817999859999
2020-06-22,455.01001,468.589996,454.209991,468.040009,468.040009,6272100,429.48200075,429.764400019999
2020-06-23,466.5,474.01001,464.5,466.26001,466.26001,5948400,432.0565018,431.155200199999
2020-06-24,468.540009,472.359985,454,457.850006,457.850006,4826200,433.95450135,432.041200559999
2020-06-25,458.859985,467.01001,454,465.910004,465.910004,4134500,436.57800145,432.82440064
2020-06-26,466.390015,468.029999,442.23999,443.399994,443.399994,6804700,437.7615006,432.90900026
2020-06-29,445.230011,447.670013,432.140015,447.23999,447.23999,4844000,438.82749945,433.394600239999
2020-06-30,450.019989,457.589996,447,455.040009,455.040009,4198500,440.214,433.74560062
2020-07-01,454,488.230011,454,485.640015,485.640015,9705900,443.3975007,434.78180118
2020-07-02,485.640015,492.279999,475.529999,476.890015,476.890015,6351500,446.5255021,435.89120122
2020-07-06,480.769989,499.5,479.799988,493.809998,493.809998,7839000,450.2360017,437.23340094
2020-07-07,497.309998,504.820007,490.829987,493.160004,493.160004,5669900,453.9195024,438.59680122
2020-07-08,498.579987,505.100006,493.809998,502.779999,502.779999,5691700,457.35600295,440.2248011
2020-07-09,508.399994,510,495.779999,507.76001,507.76001,5840500,461.0200029,442.30340156
2020-07-10,519.72998,555.880005,511.279999,548.72998,548.72998,21605600,467.178502,445.04020086
2020-07-13,567.97998,575.369995,520.960022,525.5,525.5,18399000,472.55000165,447.15320074
2020-07-14,517.080017,525.5,490.48999,524.880005,524.880005,15083300,477.5190019,449.34540106
2020-07-15,516.299988,529,510.179993,523.26001,523.26001,10066700,481.87550215,451.24760138
2020-07-16,526.47998,535.539978,504.359985,527.390015,527.390015,24499000,485.85650345,453.30180182
2020-07-17,494.869995,503.589996,484.140015,492.98999,492.98999,24991400,488.0125032,454.476401419999
2020-07-20,489.140015,504.5,484.200012,502.410004,502.410004,11940300,490.44700335,455.794001519999
2020-07-21,506,506.220001,488.609985,490.100006,490.100006,9113700,491.5500032,456.88500188
2020-07-22,492.190002,497.200012,487.200012,489.820007,489.820007,6954100,492.72800305,457.871002239999
2020-07-23,491.130005,491.899994,472.019989,477.579987,477.579987,7722000,493.7145021,458.78620184
2020-07-24,468.769989,487.170013,467.540009,480.450012,480.450012,7746200,494.4415025,459.6298023
2020-07-27,484.51001,496.920013,482.309998,495.649994,495.649994,7863100,497.0540025,460.70380194
2020-07-28,496.019989,497.790009,487.76001,488.51001,488.51001,5986700,499.1175035,461.3902021
2020-07-29,492.25,494.920013,484.130005,484.480011,484.480011,6611800,500.5895036,462.02820258
2020-07-30,480.709991,488.350006,477.51001,485.799988,485.799988,6608600,500.59750225,462.72340216
2020-07-31,488.290009,494.799988,484.5,488.880005,488.880005,5916300,501.19700175,463.547602
2020-08-03,490.859985,503.089996,490.230011,498.619995,498.619995,5873100,501.4375016,464.7950019
2020-08-04,498.649994,510.440002,498.649994,509.640015,509.640015,5608000,502.26150215,466.40140206
2020-08-05,508.679993,510.100006,501.200012,502.109985,502.109985,4308200,502.22800145,468.14820198
2020-08-06,504.109985,510.820007,498.700012,509.079987,509.079987,3725900,502.2940003,469.93200142
2020-08-07,505.450012,508.290009,486.679993,494.730011,494.730011,5910300,499.59400185,471.5578016
2020-08-10,493.350006,497.459991,478.630005,483.380005,483.380005,4691200,497.4880021,472.83080148
2020-08-11,479.75,480.920013,466.549988,466.929993,466.929993,7329200,494.5905015,473.65100108
2020-08-12,471.339996,482.48999,470.179993,475.470001,475.470001,5439200,492.20100105,474.61420114
2020-08-13,478.399994,484.450012,476.450012,481.329987,481.329987,3008900,489.89799965,475.80140086
2020-08-14,482.820007,488.329987,480.209991,482.679993,482.679993,2943500,489.3824998,477.16840098
2020-08-17,484.190002,486.23999,479.100006,482.350006,482.350006,2423500,488.3794999,478.42340098
2020-08-18,484.350006,495.299988,482.799988,491.869995,491.869995,3505500,488.46799935,479.87100108
2020-08-19,493.929993,494.5,483.5,484.529999,484.529999,3156200,488.20349895,480.8806013
2020-08-20,484.690002,498.940002,483.890015,497.899994,497.899994,5132500,489.2194993,482.14900096
2020-08-21,496.459991,498.130005,490,492.309998,492.309998,3921300,489.8124986,483.48400096
2020-08-24,495.440002,501,483.160004,488.809998,488.809998,4762200,489.4704988,484.89880078
2020-08-25,488.190002,492.470001,485.089996,490.579987,490.579987,5727700,489.57399765,486.20040052
2020-08-26,492.5,549.039978,492.079987,547.530029,547.530029,20373700,492.72649855,488.428401
2020-08-27,537.780029,541,521.25,526.27002,526.27002,9062900,494.75000015,489.99840162
2020-08-28,532,539,522,523.890015,523.890015,4417500,496.50050065,491.47880202
2020-08-31,521.159973,531.98999,517.580017,529.559998,529.559998,4941400,498.0475008,492.99560196
2020-09-01,532.599976,557.390015,532.450012,556.549988,556.549988,9572700,500.39299945,494.76580154
2020-09-02,553.780029,556.5,537.369995,552.840027,552.840027,5886900,502.92950155,496.49740188
2020-09-03,545,554,521.320007,525.75,525.75,9071100,503.7630022,497.85540176
2020-09-04,520.179993,527.359985,485.980011,516.049988,516.049988,8270100,504.82900105,498.85820144
2020-09-08,498.399994,522,495,507.019989,507.019989,5572700,506.01100025,500.13060134
2020-09-09,519.210022,520,492.570007,500.190002,500.190002,6848100,507.6740007,501.18960158
2020-09-10,503.350006,506.290009,478.839996,480.670013,480.670013,6240200,507.9340013,501.70220166
2020-09-11,486.48999,493.730011,476.809998,482.029999,482.029999,5035200,507.9690019,501.63000134
2020-09-14,480.619995,488.98999,471.299988,476.26001,476.26001,7359100,507.64800275,501.61740124
2020-09-15,484,497.470001,481.630005,495.98999,495.98999,5337000,508.33000195,501.66100108
2020-09-16,499.98999,504.660004,483.309998,483.859985,483.859985,4394900,507.92950145,501.475000699999
2020-09-17,475.160004,478.399994,463.269989,470.200012,470.200012,5379300,507.2130021,500.82340096
2020-09-18,472.51001,479.399994,458.600006,469.959991,469.959991,6717700,505.81600195,500.06740058
2020-09-21,467.690002,487.779999,466.320007,487.350006,487.350006,5457500,505.56800235,498.8398011
2020-09-22,489.01001,491.820007,479.26001,491.170013,491.170013,3482300,505.6860031,498.15320136
2020-09-23,491.040009,491.040009,469,470.609985,470.609985,3726400,504.687503,497.067800959999
2020-09-24,470.529999,477,467.820007,473.079987,473.079987,3727200,500.9650009,496.0642005
2020-09-25,474.390015,484.869995,468.029999,482.880005,482.880005,3769400,498.79550015,495.1740003
2020-09-28,489.109985,492,477.880005,490.649994,490.649994,4773500,497.1334991,495.12720038
2020-09-29,489.5,496.290009,486.529999,493.480011,493.480011,3541500,495.32949975,494.94860052
2020-09-30,492.570007,504.630005,489.269989,500.029999,500.029999,4634100,492.5035003,495.14720038
2020-10-01,506.029999,529.549988,503.600006,527.51001,527.51001,8153700,491.23699945,495.90100044
2020-10-02,516.429993,526.369995,502.700012,503.059998,503.059998,6071200,490.10249935,496.41060066
2020-10-05,506.799988,520.98999,501.700012,520.650024,520.650024,4088100,490.33250115,497.214600899999
2020-10-06,518.719971,521.820007,504.160004,505.869995,505.869995,4199000,490.27500145,497.41900092
2020-10-07,518,536.48999,515.820007,534.659973,534.659973,7988700,491.9985,498.34200018
2020-10-08,533.47998,535,524.150024,531.789978,531.789978,5386500,494.55449825,499.28819952
2020-10-09,537.830017,544.280029,535,539.440002,539.440002,4781300,497.4249984,500.3609998
2020-10-12,548.809998,551.809998,538.23999,539.809998,539.809998,5391100,500.6024978,501.37959966
2020-10-13,540.559998,557.650024,537.200012,554.090027,554.090027,5602500,503.50749965,502.4890003
2020-10-14,562.609985,572.48999,541,541.450012,541.450012,9499000,506.387001,503.12520024
2020-10-15,545.52002,551.219971,535.099976,541.940002,541.940002,5113100,509.9740005,503.92180058
2020-10-16,549.5,554.330017,530.030029,530.789978,530.789978,6347400,513.01549985,504.3560004
2020-10-19,537.070007,541.799988,525.380005,530.719971,530.719971,7567500,515.1839981,505.0757996
2020-10-20,528.140015,533.780029,522.26001,525.419983,525.419983,10047200,516.8964966,505.91659916
2020-10-21,501.029999,506.850006,488.25,489.049988,489.049988,17405700,517.81849675,506.358999059999
2020-10-22,494.690002,495.140015,482,485.230011,485.230011,6997900,518.42599795,506.554199259999
2020-10-23,488.109985,490.059998,481.350006,488.279999,488.279999,4927900,518.69599765,506.693199499999
2020-10-26,487.029999,496.820007,478.899994,488.23999,488.23999,6186100,518.57549745,506.804399439999
2020-10-27,490.01001,490.48999,482.929993,488.929993,488.929993,3627200,518.34799655,506.935999179999
2020-10-28,486.359985,494,483.279999,486.23999,486.23999,5992700,517.6584961,506.823399079999
2020-10-29,488.5,513.900024,479.339996,504.209991,504.209991,11120700,516.49349515,507.216998919999
2020-10-30,502.01001,505.880005,472.209991,475.73999,475.73999,7807900,515.12749475,506.773798839999
2020-11-02,478.869995,486.299988,475,484.119995,484.119995,4408200,513.3009933,506.609998779999
2020-11-03,484.929993,495.309998,478.76001,487.220001,487.220001,3690200,512.3684936,506.578198839999
2020-11-04,495.359985,507.730011,493.980011,496.950012,496.950012,5137300,510.48299555,506.705599339999
2020-11-05,506.559998,518.72998,503.450012,513.76001,513.76001,5372800,509.58149715,506.030198959999
2020-11-06,515,515.210022,502.51001,514.72998,514.72998,4236300,508.34599605,505.799398159999
2020-11-09,485.540009,495.850006,467.26001,470.5,470.5,10419700,504.88049615,504.731597859999
2020-11-10,470.950012,484.600006,463.410004,480.23999,480.23999,8306100,501.1879943,503.745197699999
2020-11-11,483,491.679993,478.26001,490.76001,490.76001,5460500,498.6534942,502.429398139999
2020-11-12,491,496.519989,480.429993,486.769989,486.769989,5063700,495.89499355,501.107997379999
2020-11-13,486.769989,488.940002,477.799988,482.839996,482.839996,3002700,493.49749445,500.249797299999
2020-11-16,480,485.579987,477.299988,479.100006,479.100006,3953600,490.9164962,499.510797659999
2020-11-17,480.119995,487.51001,478.850006,480.630005,480.630005,3698100,488.6769973,498.982997979999
2020-11-18,481.950012,488.609985,477.720001,481.790009,481.790009,3629200,488.31399835,498.614998119999
2020-11-19,482,487.799988,480.470001,484.670013,484.670013,2254700,488.28599845,498.694998119999
2020-11-20,485.220001,494.76001,481.570007,488.23999,488.23999,4253400,488.283998,498.819197939999
2020-11-23,490.459991,491.149994,475.839996,476.619995,476.619995,5416600,487.70299825,498.826397639999
2020-11-24,478.839996,484.049988,475.890015,482.880005,482.880005,3550500,487.40049885,498.564197939999
2020-11-25,485.130005,486.899994,478.920013,485,485,3598600,487.33849935,498.586998239999
2020-11-27,486.579987,493.25,481.850006,491.359985,491.359985,2805800,486.69599905,499.010197699999
2020-11-30,490.079987,492.549988,481.269989,490.700012,490.700012,3530900,487.44400015,499.424998119999
2020-12-01,492.339996,509.470001,491.980011,504.579987,504.579987,5052700,488.46699975,499.769597739999
2020-12-02,501.619995,506.799988,493.5,503.380005,503.380005,3028400,489.27499995,500.013797579999
2020-12-03,502.98999,508.769989,496.040009,497.519989,497.519989,2826100,489.3034988,500.551997659999
2020-12-04,497.5,504.5,493.640015,498.309998,498.309998,3666200,488.5309982,501.056597879999
2020-12-07,500.01001,517.76001,497.769989,515.780029,515.780029,4289300,488.58350065,501.714598359999
2020-12-08,517.900024,521.48999,505.549988,512.659973,512.659973,4229000,490.6914993,502.154797939999
2020-12-09,510.529999,514.5,491.290009,493.600006,493.600006,4178800,491.3595001,502.157197839999
2020-12-10,494.559998,503.769989,492.910004,501.089996,501.089996,3018200,491.8759994,502.178397779999
2020-12-11,495,503.339996,494.850006,503.220001,503.220001,3210900,492.6985,501.692597599999
2020-12-14,505.440002,524.159973,501.179993,522.419983,522.419983,5770400,494.67749935,502.079797299999
2020-12-15,518.5,524.700012,513.559998,519.780029,519.780029,3394900,496.7115005,502.062397399999
2020-12-16,520.109985,527.380005,517.690002,524.830017,524.830017,3682400,498.9215011,502.441597839999
2020-12-17,529,535.48999,526.440002,532.900024,532.900024,3193400,501.47700185,502.406398859999
2020-12-18,533.200012,536.369995,526.02002,534.450012,534.450012,4502700,503.9660018,502.459599539999
2020-12-21,530.049988,532.619995,521.150024,528.909973,528.909973,3894000,505.99950095,502.248998959999
2020-12-22,527.690002,530.400024,520.5,527.330017,527.330017,1906600,508.53500205,501.999399339999
2020-12-23,524.76001,526.320007,514.200012,514.47998,514.47998,2393200,510.1150008,501.207198399999
2020-12-24,515.119995,519.349976,512.210022,513.969971,513.969971,1144000,511.56349935,500.657597579999
2020-12-28,516.429993,523.659973,507.130005,519.119995,519.119995,2891900,512.95149985,500.201197439999
2020-12-29,519.900024,536.549988,515.47998,530.869995,530.869995,4022400,514.959999,500.202797779999
2020-12-30,530.130005,533.26001,523.690002,524.590027,524.590027,1876300,515.960501,500.080198899999
2020-12-31,525.530029,545.5,523.150024,540.72998,540.72998,5392300,517.82799975,500.386398839999
2021-01-04,539,540.799988,515.090027,522.859985,522.859985,4444400,519.09499955,501.062598779999
2021-01-05,521.549988,526.780029,515.890015,520.799988,520.799988,3133900,520.21949905,501.773998319999
2021-01-06,511.970001,513.099976,499.5,500.48999,500.48999,5346200,519.4549971,502.018198139999
2021-01-07,508.279999,516.440002,506.420013,508.890015,508.890015,3686400,519.2664992,502.431198639999
2021-01-08,511.309998,513.23999,504.51001,510.399994,510.399994,2973900,520.1064986,502.860598659999
2021-01-11,507.839996,510.730011,497.950012,499.100006,499.100006,3806200,520.0069991,503.11779898
2021-01-12,500,501.089996,485.670013,494.25,494.25,5990400,519.55849905,502.91859916
2021-01-13,495.5,512.349976,493.01001,507.790009,507.790009,5032100,518.82700035,503.55959954
2021-01-14,507.350006,514.5,499.579987,500.859985,500.859985,4177400,517.88099815,503.894399339999
2021-01-15,500,506.320007,495.100006,497.980011,497.980011,5895800,516.53849785,504.109599539999
2021-01-19,501,509.25,493.540009,501.769989,501.769989,12315800,514.9819961,504.205999079999
2021-01-20,565.419983,593.289978,556.859985,586.340027,586.340027,32637500,517.57649685,505.657599419999
2021-01-21,582.450012,588.75,570.400024,579.840027,579.840027,11802100,520.12299955,506.959800359999
2021-01-22,582.099976,583.98999,564.349976,565.169983,565.169983,7550800,522.01499785,508.853200019999
2021-01-25,567,569.75,548.650024,556.780029,556.780029,7207300,524.1300003,510.3840008
2021-01-26,554.72998,567.98999,554.059998,561.929993,561.929993,5023800,526.5280014,511.807400459999
2021-01-27,550.710022,556.419983,515.72998,523.280029,523.280029,8670300,526.7360031,512.53760126
2021-01-28,535.880005,553.150024,530.73999,538.599976,538.599976,5969000,527.12250215,513.65280086
2021-01-29,538,541,530.179993,532.390015,532.390015,4325300,527.51250155,514.71860104
2021-02-01,536.789978,545.059998,531.72998,539.039978,539.039978,3547500,527.42800145,515.8868005
2021-02-02,542.01001,555.47998,538.929993,548.159973,548.159973,3767600,528.69300085,517.21419978
2021-02-03,550.169983,550.47998,538.23999,539.450012,539.450012,3172300,529.62550205,518.30979976
2021-02-04,539.809998,559.47998,537.51001,552.159973,552.159973,5164500,532.2090012,519.58819942
2021-02-05,552.26001,554.440002,545.47998,550.789978,550.789978,2376200,534.30399935,521.07159908
2021-02-08,555,555,543.700012,547.919983,547.919983,2791700,536.1799988,522.37239864
2021-02-09,546,566,543,559.070007,559.070007,3703500,539.17849885,523.85379878
2021-02-10,562.5,566.650024,553.460022,563.590027,563.590027,3991300,542.6455002,525.29839962
2021-02-11,564.440002,565.929993,554.219971,557.590027,557.590027,2730600,545.1355011,526.63619992
2021-02-12,556.940002,561.25,550.849976,556.52002,556.52002,2197100,547.91850285,527.67500058
2021-02-16,557.289978,563.630005,552.72998,557.280029,557.280029,2624100,550.88350375,528.75300106
2021-02-17,550.98999,555.25,543.030029,551.340027,551.340027,2069600,553.36200565,529.82940182
2021-02-18,549,550,538.22998,548.219971,548.219971,2456200,551.45600285,530.82760128
2021-02-19,548,548.98999,538.809998,540.219971,540.219971,2841500,549.47500005,531.31640012
2021-02-22,534.98999,541.789978,530.789978,533.780029,533.780029,3078600,547.90550235,531.738801239999
2021-02-23,525,548.539978,518.280029,546.150024,546.150024,4136500,547.3740021,532.789801599999
2021-02-24,539.799988,556.849976,539.070007,553.409973,553.409973,3245000,546.9480011,533.83620114
2021-02-25,550.27002,556.47998,535.75,546.700012,546.700012,4252900,548.11900025,534.70580136
2021-02-26,546.51001,553.090027,538,538.849976,538.849976,3755600,548.13150025,535.03440122
2021-03-01,545.570007,552.140015,542,550.640015,550.640015,3041400,549.04400025,535.65160094
2021-03-02,553.340027,556.98999,546.02002,547.820007,547.820007,3042200,549.4830017,536.11140074
2021-03-03,545.929993,548.01001,517.809998,520.700012,520.700012,5362400,548.11000365,535.8674005
2021-03-04,521.5,531.5,507.679993,511.290009,511.290009,5034800,546.7020035,535.404200439999
2021-03-05,511.980011,517.76001,498.790009,516.390015,516.390015,5070000,544.9135056,535.15380128
2021-03-08,514.460022,518.840027,492.850006,493.329987,493.329987,3981800,542.04050605,534.473800679999
2021-03-09,507.309998,513.109985,503.820007,506.440002,506.440002,3470000,539.966507,534.31300112
2021-03-10,513.5,518.969971,504.25,504.540009,504.540009,3771500,537.2400071,534.12440188
2021-03-11,512.200012,530.23999,510.709991,523.059998,523.059998,4714500,535.21350565,534.20320194
2021-03-12,512.5,526.51001,506.589996,518.02002,518.02002,3981700,533.2350053,533.94620244
2021-03-15,516.320007,520.72998,508.029999,520.25,520.25,3484300,531.4215043,533.8594019
2021-03-16,524.469971,533.419983,523.210022,524.030029,524.030029,3238900,529.7590043,533.52540288
2021-03-17,522,528.369995,514.299988,524.440002,524.440002,2817400,528.41400305,533.55700322
2021-03-18,516.400024,517.900024,503.850006,504.790009,504.790009,4094500,526.24250495,533.23680364
2021-03-19,504.959991,513.190002,501.630005,512.179993,512.179993,4386400,524.84050605,533.4706037
2021-03-22,509.130005,529.309998,509.130005,523.109985,523.109985,3360600,524.30700385,533.7550031
2021-03-23,529.869995,543.119995,529.400024,535.090027,535.090027,5583500,523.754004,534.24880376
2021-03-24,533.780029,534.419983,520,520.809998,520.809998,4102200,522.12400525,534.6830036
2021-03-25,516.98999,518.530029,497,502.859985,502.859985,4926800,519.9320039,534.8552033
2021-03-26,502.820007,508.720001,496.679993,508.049988,508.049988,3467800,518.3920045,534.86040288
2021-03-29,505.660004,518,504.399994,513.950012,513.950012,3330000,516.55750435,535.12220342
2021-03-30,510.51001,514.409973,506.910004,513.390015,513.390015,2418100,514.83600475,535.4304035
2021-03-31,515.669983,528.130005,515.440002,521.659973,521.659973,3503100,514.8840028,535.82820318
2021-04-01,529.929993,540.5,527.030029,539.419983,539.419983,3938600,516.2905015,534.8898023
2021-04-05,540.01001,542.849976,529.22998,540.669983,540.669983,3355900,517.5044999,534.10640142
2021-04-06,544.809998,554.169983,543.299988,544.530029,544.530029,3474200,520.064502,533.69360234
2021-04-07,543.5,549.640015,541.450012,546.98999,546.98999,2151300,522.0920014,533.49780156
2021-04-08,551.130005,556.900024,547.570007,554.580017,554.580017,4309800,524.5940018,533.35080204
2021-04-09,552.690002,556.900024,547.109985,555.309998,555.309998,2894000,526.2065018,533.99140142
2021-04-12,551.049988,557.97998,549.580017,552.780029,552.780029,2944100,527.94450225,534.27500248
2021-04-13,557,559.75,550.299988,553.72998,553.72998,2720300,529.61850125,534.70180178
2021-04-14,554.869995,554.869995,538.530029,540.02002,540.02002,3740300,530.4180008,534.72140262
2021-04-15,544.169983,553.48999,542.659973,549.219971,549.219971,3139100,531.65699925,534.74260258
2021-04-16,550.539978,551.97998,539.51001,546.539978,546.539978,3209100,533.7444977,534.8844019
2021-04-19,546.900024,556.440002,545.530029,554.440002,554.440002,4288700,535.85749815,534.93000248
2021-04-20,554.419983,563.559998,546.299988,549.570007,549.570007,11257600,537.18049925,534.90560306
2021-04-21,508,515.460022,503.600006,508.899994,508.899994,22897400,535.8709976,534.12520328
2021-04-22,513.820007,513.960022,500.549988,508.779999,508.779999,9061100,535.26949765,533.11940312
2021-04-23,509.01001,509.700012,500.700012,505.549988,505.549988,7307700,535.4039978,531.95860234
2021-04-26,506.76001,510.480011,503,510.299988,510.299988,4388800,535.5164978,531.01280156
2021-04-27,512.619995,512.98999,504.579987,505.549988,505.549988,3761300,535.0964966,529.99340092
2021-04-28,505.200012,508.399994,503.339996,506.519989,506.519989,3193000,534.752995300001,528.97820012
2021-04-29,507.600006,509.290009,499,509,509,5127800,534.119996650001,528.13139958
2021-04-30,505,514.549988,505,513.469971,513.469971,4413200,532.82249605,527.43639958
2021-05-03,512.650024,518.950012,505.200012,509.109985,509.109985,4091900,531.24449615,526.81419986
2021-05-04,510.779999,511.630005,496.790009,503.179993,503.179993,4349500,529.176994350001,526.20219914
2021-05-05,504.98999,507.779999,494.630005,496.079987,496.079987,3129400,526.6314942,525.2007984
2021-05-06,495.98999,499.549988,491.369995,499.549988,499.549988,3783700,523.87999275,524.1235987
2021-05-07,504.619995,508.549988,501.119995,503.839996,503.839996,3132800,521.30649265,523.266398379999
2021-05-10,502,503.149994,486.109985,486.690002,486.690002,5131600,518.0019913,522.223198899999
2021-05-11,479.75,497.98999,478.630005,495.079987,495.079987,4401000,515.06949165,521.111998339999
2021-05-12,486.829987,493.540009,482.700012,484.980011,484.980011,4121500,512.3174912,519.85519842
2021-05-13,489.130005,490.779999,482.709991,486.660004,486.660004,2712500,509.18949285,519.17439826
2021-05-14,487.859985,494.850006,486.589996,493.369995,493.369995,2882500,506.5309937,518.81599798
2021-05-17,485.589996,492.709991,482.809998,488.940002,488.940002,2705200,503.2559937,518.266997719999
2021-05-18,488.399994,493.480011,486.190002,486.279999,486.279999,2350500,500.0914933,518.125997959999
2021-05-19,481.630005,488.570007,478.540009,487.700012,487.700012,3349900,499.0314942,517.751198159999
2021-05-20,489.549988,502.700012,488.980011,501.670013,501.670013,3721200,498.6759949,517.693798239999
2021-05-21,503.119995,505.399994,497.26001,497.890015,497.890015,3322900,498.29299625,517.19039858
2021-05-24,501.049988,504.25,499.51001,502.899994,502.899994,2412600,497.92299655,516.887998059999
2021-05-25,506,506.369995,499.220001,501.339996,501.339996,2699500,497.71249695,516.509797979999
2021-05-26,502.339996,504.140015,500.5,502.359985,502.359985,2465300,497.50449675,516.076397099999
2021-05-27,501.799988,505.100006,498.540009,503.859985,503.859985,3253800,497.247496,515.664796759999
2021-05-28,504.399994,511.76001,502.529999,502.809998,502.809998,2910300,496.71449735,515.625196539999
2021-06-01,504.01001,505.410004,497.73999,499.079987,499.079987,2482600,496.21299745,515.363196419999
2021-06-02,499.820007,503.220001,495.820007,499.23999,499.23999,2269000,496.0159973,514.885796519999
2021-06-03,495.190002,496.660004,487.25,489.429993,489.429993,3887400,495.6834976,513.972595839999
2021-06-04,492,501.859985,490.950012,494.73999,494.73999,3160500,495.4429977,513.451195679999
2021-06-07,492.920013,496.700012,490.549988,494.660004,494.660004,2791900,494.9839981,513.287196059999
2021-06-08,497,498.820007,489.369995,492.390015,492.390015,2374000,495.26899875,512.973996599999
2021-06-09,494.5,496.089996,484.649994,485.809998,485.809998,3055000,494.8054993,512.411196319999
2021-06-10,487.170013,490.209991,482.140015,487.269989,487.269989,4382900,494.9199982,511.888795799999
2021-06-11,490,491.410004,487.779999,488.769989,488.769989,3124000,495.02549745,511.230996119999
2021-06-14,489.679993,503.5,486.910004,499.890015,499.890015,4400200,495.351498450001,510.440396759999
2021-06-15,501.230011,501.230011,490.399994,491.899994,491.899994,3104100,495.499498050001,509.464996979999
2021-06-16,495,496.459991,486.279999,492.410004,492.410004,3533200,495.8059983,508.422596479999
2021-06-17,490.25,501.799988,490.149994,498.339996,498.339996,3198300,496.337997500001,507.449596599999
2021-06-18,496.399994,504.48999,495.23999,500.769989,500.769989,5197600,496.2929963,506.373396039999
2021-06-21,501.640015,502.049988,492.279999,497,497,5277300,496.24849555,505.207196079999
2021-06-22,498.540009,513.549988,495.799988,508.820007,508.820007,5809300,496.5444962,504.327995639999
2021-06-23,508.480011,516.630005,508.200012,512.73999,512.73999,3944800,497.1144959,503.508195839999
2021-06-24,517.960022,520.960022,514.400024,518.059998,518.059998,3361200,497.899496550001,503.068995399999
2021-06-25,528.840027,533.059998,525,527.070007,527.070007,5299100,499.059997650001,502.625996119999
2021-06-28,528.119995,533.940002,524.559998,533.030029,533.030029,2820200,500.570999200001,502.355797139999
2021-06-29,533.549988,536.130005,528.570007,533.5,533.5,2314600,502.291999850001,501.936997099999
2021-06-30,534.059998,534.380005,526.820007,528.210022,528.210022,2773400,503.740501450001,501.509797399999
2021-07-01,525.719971,537.039978,525.719971,533.539978,533.539978,2805400,505.946000700001,502.002597079999
2021-07-02,535.5,538.539978,529.390015,533.97998,533.97998,1975500,507.908000200001,502.506596699999
2021-07-06,533,542.859985,533,541.640015,541.640015,2775100,510.257000750001,503.228397239999
2021-07-07,544.23999,544.640015,531.659973,535.960022,535.960022,2722500,512.435501100001,503.741597919999
2021-07-08,530.929993,535.5,529.090027,530.76001,530.76001,3269000,514.683001700001,504.245798359999
2021-07-09,531,538.26001,528.580017,535.97998,535.97998,2777200,517.118501250001,504.834998179999
2021-07-12,540.299988,540.650024,532.919983,537.309998,537.309998,1780700,519.545501700001,505.401198139999
2021-07-13,535.76001,545.330017,535.76001,540.679993,540.679993,2751600,521.585000600001,505.94539858
2021-07-14,541.01001,554.099976,541.01001,547.950012,547.950012,4659500,524.387501500001,506.72219912
2021-07-15,553.969971,557.539978,538.200012,542.950012,542.950012,5713900,526.9145019,507.5175995
2021-07-16,541.809998,544.059998,527.049988,530.309998,530.309998,3442100,528.513002,508.20219972
2021-07-19,526.049988,534.909973,522.23999,532.280029,532.280029,3885800,530.088504000001,508.85680054
2021-07-20,526.070007,536.640015,520.299988,531.049988,531.049988,6930400,531.7910034,509.40100038
2021-07-21,526.130005,530.98999,505.609985,513.630005,513.630005,11906800,532.031503300001,509.93980044
2021-07-22,510.209991,513.679993,507,511.769989,511.769989,4328100,531.983003250001,510.27360048
2021-07-23,512.159973,517.409973,504.660004,515.409973,515.409973,3820500,531.850502,510.88219972
2021-07-26,514.380005,521.130005,509.01001,516.48999,516.48999,2254500,531.32150115,511.47879944
2021-07-27,518.080017,521.950012,512.049988,518.909973,518.909973,2759000,530.615498350001,511.989599
2021-07-28,521.820007,524.469971,516.97998,519.299988,519.299988,2390500,529.905497750001,512.59679872
2021-07-29,519.960022,520.780029,513.789978,514.25,514.25,1736000,529.207496650001,513.15619874
2021-07-30,512.690002,519.789978,510.959991,517.570007,517.570007,2534900,528.408998100001,513.75359864
2021-08-02,519,519.849976,510.51001,515.150024,515.150024,2096600,527.467500300001,514.02319886
2021-08-03,514.390015,515.630005,505.369995,510.820007,510.820007,2579400,525.926499900001,514.2817987
2021-08-04,513,517.97998,510.369995,517.349976,517.349976,2039400,524.995997600001,514.57079834
2021-08-05,517.130005,525.409973,514.02002,524.890015,524.890015,2556700,524.702497850001,515.04179872
2021-08-06,524,526.840027,519.390015,520.549988,520.549988,1919400,523.930998250001,515.40559878
2021-08-09,521.150024,522.669983,517.98999,519.969971,519.969971,1367800,523.063996900001,515.7277985
2021-08-10,520,520.789978,512.969971,515.840027,515.840027,1960500,521.821998600001,515.98839908
2021-08-11,517,519.570007,509.769989,512.400024,512.400024,1673900,520.044499200001,516.25479982
2021-08-12,511.859985,513,507.200012,510.720001,510.720001,1685700,518.432998650001,516.48440004
2021-08-13,512.640015,521.440002,511.51001,515.919983,515.919983,2176300,517.713497900001,517.01419984
2021-08-16,515.23999,523.380005,512.299988,517.919983,517.919983,2032800,516.995495600001,517.4777997
2021-08-17,515.469971,520.789978,514.200012,518.909973,518.909973,2309800,516.388494850001,517.96279908
2021-08-18,520,526.380005,518.650024,521.869995,521.869995,2582000,516.800494350001,518.55239868
2021-08-19,522.73999,548.390015,521.869995,543.710022,543.710022,7497300,518.397496000001,519.71039916
2021-08-20,545.090027,551.390015,539.099976,546.880005,546.880005,3774300,519.970997600001,520.90259948
2021-08-23,545.97998,555.549988,543.73999,553.330017,553.330017,2602000,521.812998950001,522.19380004
2021-08-24,551.47998,555.309998,549.27002,553.409973,553.409973,2109500,523.537998950001,523.2641992
2021-08-25,550.159973,552.840027,545.450012,547.580017,547.580017,2065600,524.952000400001,524.37779966
2021-08-26,546.159973,552.599976,545.900024,550.119995,550.119995,1595500,526.745500150001,525.53199948
2021-08-27,551.599976,564.169983,549.25,558.919983,558.919983,3251100,528.812998950001,526.74359922
2021-08-30,557.25,567.159973,556.450012,566.179993,566.179993,2434800,531.364497400001,528.0517993
2021-08-31,566.119995,569.47998,561.609985,569.190002,569.190002,2431900,534.28299715,529.49559934
2021-09-01,569,591,569,582.070007,582.070007,5626200,537.518998700001,530.96059934
2021-09-02,583.679993,598.76001,583.679993,588.549988,588.549988,6179900,540.701997350001,532.4767993
2021-09-03,585.799988,591.880005,583.140015,590.530029,590.530029,2681200,544.200999400001,533.92619992
2021-09-07,594.690002,613.849976,593.98999,606.710022,606.710022,5821400,548.538001950001,535.51900022
2021-09-08,603.840027,615.599976,595.710022,606.049988,606.049988,5424500,553.048500000001,536.9793994
2021-09-09,606.469971,609.440002,596.549988,597.539978,597.539978,2954200,557.305497700001,538.26019896
2021-09-10,598.159973,609.450012,593.669983,598.719971,598.719971,3948000,561.705496200001,539.670397939999
2021-09-13,598.570007,598.570007,582.780029,589.289978,589.289978,3062900,565.373995950001,540.785397939999
2021-09-14,584.890015,587.280029,575.559998,577.76001,577.76001,3457000,568.365997300001,541.660998539999
2021-09-15,578.169983,584.619995,575.369995,582.869995,582.869995,2755600,571.563998400001,542.48559814
2021-09-16,584.299988,587.47998,577.719971,586.5,586.5,1832000,574.795498650001,543.4963977
2021-09-17,587.849976,590.280029,580.849976,589.349976,589.349976,4145100,577.077496350001,544.66819702
2021-09-20,586.789978,591.530029,568.080017,575.429993,575.429993,3732200,578.504995750001,545.457197279999
2021-09-21,578.309998,581.880005,569.369995,573.140015,573.140015,2250900,579.495495650001,546.17379762
2021-09-22,579.690002,595.650024,579.690002,590.650024,590.650024,4021800,581.357498200001,547.173198239999
2021-09-23,590.789978,599.320007,589.130005,593.26001,593.26001,2526200,583.641497850001,548.079398199999
2021-09-24,592.5,592.97998,583.640015,592.390015,592.390015,2126200,585.754998850001,549.068198259999
2021-09-27,587.950012,593.580017,576.929993,592.640015,592.640015,2504700,587.441000450001,550.314798599999
2021-09-28,589,599.539978,580.159973,583.849976,583.849976,4431100,588.324499600001,551.346197539999
2021-09-29,589.01001,609.880005,588.01001,599.059998,599.059998,6221000,589.817999400001,552.706397739999
2021-09-30,608.049988,619,608.049988,610.340027,610.340027,6612600,591.231500400001,554.640598179999
2021-10-01,604.23999,614.98999,597.51001,613.150024,613.150024,4090800,592.461502200001,556.668198879999
2021-10-04,613.390015,626.130005,594.679993,603.349976,603.349976,4995900,593.102499550001,558.426998939999
2021-10-05,606.940002,640.390015,606.890015,634.809998,634.809998,9534300,594.507498350001,560.793399099999
2021-10-06,628.179993,639.869995,626.359985,639.099976,639.099976,4580400,596.159997750001,563.197199159999
2021-10-07,642.22998,646.840027,630.450012,631.849976,631.849976,3556900,597.875497650001,565.448198919999
2021-10-08,634.169983,643.799988,630.859985,632.659973,632.659973,3271100,599.572497750001,567.816398379999
2021-10-11,633.200012,639.419983,626.780029,627.039978,627.039978,2862500,601.459997750001,570.0057978
2021-10-12,633.02002,637.659973,621.98999,624.940002,624.940002,3227300,603.818997350001,572.201597359999
2021-10-13,632.179993,632.179993,622.099976,629.76001,629.76001,2420300,606.163498100001,574.58039742
2021-10-14,632.22998,636.880005,626.789978,633.799988,633.799988,2671700,608.528497500001,576.90939766
2021-10-15,638,639.419983,625.159973,628.289978,628.289978,4114400,610.475497600001,578.977396919999
2021-10-18,632.099976,638.409973,620.590027,637.969971,637.969971,4669100,613.602496500001,581.32579658
2021-10-19,636.969971,641,632.299988,639,639,7633100,616.895495750001,583.70639716
2021-10-20,625.570007,637.400024,617.150024,625.140015,625.140015,10622000,618.619995300001,585.89239692
2021-10-21,628.890015,654.01001,628.650024,653.159973,653.159973,8437100,621.614993450001,588.7075959
2021-10-22,651.809998,665.460022,651.809998,664.780029,664.780029,6186000,625.234494150001,591.78879646
2021-10-25,663.73999,675.880005,657.070007,671.659973,671.659973,3833500,629.185492050001,594.90359626
2021-10-26,673.76001,676.48999,662.77002,668.52002,668.52002,2904800,633.418994250001,597.915597
2021-10-27,669,671.409973,661.849976,662.919983,662.919983,2276900,636.611993500001,600.7957972
2021-10-28,670.950012,676.799988,668.030029,674.049988,674.049988,2859400,639.797491550001,603.83939706
2021-10-29,673.059998,690.969971,671.23999,690.309998,690.309998,3817500,643.655490250001,606.77139658
2021-11-01,689.059998,689.969971,676.539978,681.169983,681.169983,3110900,647.546490600001,609.45719614
2021-11-02,683.109985,687.679993,673.820007,677.719971,677.719971,3888600,649.691989250001,611.94499522
2021-11-03,677.27002,689.390015,677.27002,688.289978,688.289978,2334900,652.151489350001,614.64259532
2021-11-04,685.890015,685.940002,665.5,668.400024,668.400024,4865000,653.978991750001,617.05899546
2021-11-05,663.969971,665.640015,645.01001,645.719971,645.719971,5277400,654.631991650001,618.97099498
2021-11-08,650.289978,656,643.789978,651.450012,651.450012,2887500,655.852493350001,620.82159556
2021-11-09,653.700012,660.5,650.52002,655.98999,655.98999,2415600,657.404992750001,622.6177955
2021-11-10,653.01001,660.330017,642.109985,646.909973,646.909973,2405800,658.262490900001,624.17219492
2021-11-11,650.23999,665.820007,649.710022,657.580017,657.580017,2868300,659.451492350001,625.68239512
2021-11-12,660.01001,683.340027,653.820007,682.609985,682.609985,4192700,662.167492700001,627.56359506
2021-11-15,681.23999,685.26001,671.48999,679.330017,679.330017,2872200,664.235495000001,629.33959482
2021-11-16,678.27002,688.359985,676.900024,687.400024,687.400024,2077400,666.655496200001,630.95339486
2021-11-17,690,700.98999,686.090027,691.690002,691.690002,2732800,669.982995550001,632.66619514
2021-11-18,691.609985,691.73999,679.73999,682.02002,682.02002,2012900,671.425997900001,634.35579598
2021-11-19,692.349976,694.159973,675,678.799988,678.799988,2613700,672.126995850001,635.95739632
2021-11-22,676.02002,679.47998,656.469971,659.200012,659.200012,2764400,671.503997800001,637.355597
2021-11-23,658.179993,666.429993,646.049988,654.059998,654.059998,2320200,670.780996700001,638.88159676
2021-11-24,658.01001,661.440002,651.099976,658.289978,658.289978,1867300,670.549496450001,640.38999642
2021-11-26,675,676.409973,660.669983,665.640015,665.640015,2872500,670.128997800001,641.97279672
2021-11-29,663.200012,667.98999,658.289978,663.840027,663.840027,2529400,668.805499250001,643.46259774
2021-11-30,668.200012,675.380005,640.01001,641.900024,641.900024,5608900,666.842001300001,644.79199836
2021-12-01,649.47998,654.52002,617.070007,617.77002,617.77002,3882800,663.844503750001,645.68459846
2021-12-02,617.099976,625.359985,612.880005,616.469971,616.469971,3331100,660.253503400001,646.2009974
2021-12-03,622.75,625.5,594,602.130005,602.130005,4825200,656.940002450001,646.3783973
2021-12-06,606.01001,617.289978,601,612.690002,612.690002,3075700,655.288504000001,646.78439704
2021-12-07,619.830017,628.890015,611.400024,625.580017,625.580017,3125200,653.995004250001,647.44319708
2021-12-08,630,632.460022,623.200012,628.080017,628.080017,2220300,652.599505600001,648.3277979
2021-12-09,627.580017,630.23999,610.440002,611,611,2376300,650.804006950001,648.56659794
2021-12-10,616.780029,617.73999,605.880005,611.659973,611.659973,2747900,648.508004750001,648.59299686
2021-12-13,612,612.640015,599.52002,604.559998,604.559998,2517900,644.605505400001,648.42119634
2021-12-14,598.710022,602.289978,588.130005,597.98999,597.98999,2984500,640.538504050001,648.31399662
2021-12-15,598.179993,605.690002,584.51001,605.039978,605.039978,2866200,636.420501750001,647.71859622
2021-12-16,597.090027,602.830017,588,591.059998,591.059998,3143200,631.389001550001,646.757796659999
2021-12-17,591.609985,593.25,581.73999,586.72998,586.72998,4386900,626.624499550001,645.855396739999
2021-12-20,586.429993,602.880005,584.26001,593.73999,593.73999,3358400,622.371499650001,645.076997079999
2021-12-21,597.539978,607.820007,593.859985,604.919983,604.919983,2319400,619.657498200001,644.634597179999
2021-12-22,603.359985,614.820007,602.630005,614.23999,614.23999,2335700,617.666497800001,644.420596939999
2021-12-23,616.400024,616.880005,607.570007,614.090027,614.090027,1621100,615.456500250001,644.10719728
2021-12-27,615,615,609.25,613.119995,613.119995,2061500,612.830499250001,643.69359742
2021-12-28,614.950012,618.409973,609.690002,610.710022,610.710022,1882800,610.173999000001,643.3419983
2021-12-29,610.710022,613.97998,604.679993,610.539978,610.539978,1287200,608.605996700001,642.79339844
2021-12-30,612.98999,620.609985,611.23999,612.090027,612.090027,1625100,608.321997050001,642.25519898
2021-12-31,610.01001,614.080017,602.049988,602.440002,602.440002,1995900,607.620498600001,641.80119872
2022-01-03,605.609985,609.98999,590.559998,597.369995,597.369995,3067500,607.382498100001,640.68539916
2022-01-04,599.909973,600.409973,581.599976,591.150024,591.150024,4393100,606.305499200001,639.212799059999
2022-01-05,592,592.840027,566.880005,567.52002,567.52002,4148700,603.402499350001,637.129999999999
2022-01-06,554.340027,563.359985,542.01001,553.289978,553.289978,5711800,599.662997400001,634.825399159999
2022-01-07,549.460022,553.429993,538.219971,541.059998,541.059998,3381700,596.165997300001,632.388199459999
2022-01-10,538.48999,543.690002,526.320007,539.849976,539.849976,4486100,592.575497450001,629.70419922
2022-01-11,536.98999,543.909973,530.070007,540.840027,540.840027,3077800,589.389498900001,626.714799799999
2022-01-12,544.27002,544.27002,532.02002,537.219971,537.219971,3787400,586.350997950001,623.835799559999
2022-01-13,537.059998,540.789978,518.26001,519.200012,519.200012,4475100,582.058999650001,620.665400379999
2022-01-14,517.599976,538.369995,511.880005,525.690002,525.690002,7849400,578.790499850001,617.413400859999
2022-01-18,520.080017,521.75,508.679993,510.799988,510.799988,4839100,574.994000250001,614.261400139999
2022-01-19,515,523.210022,510.51001,515.859985,515.859985,4353500,571.100000000001,611.664200419999
2022-01-20,517.75,526.640015,506.929993,508.25,508.25,12659000,566.266500850001,608.800200179999
2022-01-21,400.429993,409.149994,379.98999,397.5,397.5,58904300,555.429501350001,603.63040038
2022-01-24,383.910004,387.26001,351.459991,387.149994,387.149994,32346000,544.082499700001,598.435200799999
2022-01-25,379.140015,387.709991,365.130005,366.420013,366.420013,15145800,531.747500600001,592.612000719999
2022-01-26,378.269989,382.660004,356.619995,359.700012,359.700012,12684000,519.197000100001,586.153801259999
2022-01-27,382.059998,394.799988,378.100006,386.700012,386.700012,24324700,508.005001800001,580.301201159999
2022-01-28,386.76001,387,372.079987,384.359985,384.359985,11966600,496.6184997,574.24040038
2022-01-31,401.970001,427.700012,398.200012,427.140015,427.140015,20047500,487.853500350001,568.94940064
2022-02-01,432.959991,458.480011,425.540009,457.130005,457.130005,22542300,480.841500850001,564.451600339999
2022-02-02,448.25,451.980011,426.480011,429.480011,429.480011,14346000,472.758000200001,559.465200799999
2022-02-03,421.440002,429.26001,404.279999,405.600006,405.600006,9905200,464.661999500001,554.393200679999
2022-02-04,407.309998,412.769989,396.640015,410.170013,410.170013,7782400,457.506001250001,549.515400979999
